2m Temperature (hr. avg) (F),2m Relative Humidity (percent),2m Station Pressure (mb)
76.8,88,991
75,88,991
75.1,89,991
74.2,91,991
74.2,90,991
73.8,92,991
75.9,83,992
80.5,73,992
83.4,64,991
86.4,60,991
88.2,56,991
89.3,54,991
90.9,51,990
92.6,47,989
93.2,42,989
93.8,40,989
93,47,988
91.4,50,988
88.5,56,989
86.4,64,990
83.9,67,990
80.3,78,991
77.7,76,990
77.2,84,990
75.2,77,990
74.1,87,990
73.6,82,989
72.6,90,990
71.1,91,990
71,89,990
73.9,78,991
78.1,68,991
79.2,74,992
79.2,68,992
83.4,60,992
86.7,54,992
88.6,50,992
88.3,54,991
88.3,51,991
88.9,52,991
88.7,54,991
84.3,73,991
78.9,84,992
78.1,81,993
78.6,73,993
79,70,994
76.9,78,994
75.6,83,995
73.6,87,994
72.9,88,994
72,89,994
71.3,92,994
71.5,92,995
71.7,92,996
72.2,91,997
73.6,85,998
73.9,92,998
74.3,70,998
79.7,65,998
81.7,66,998
81.2,66,998
83.1,60,998
83.7,60,997
83.7,58,997
83.7,62,997
82.3,64,998
80.5,69,998
79.4,70,999
79.1,73,999
78.6,71,999
78.2,74,1000
77,79,1000
75.1,83,1000
74.7,81,1000
73.8,87,999
72.8,87,1000
72.8,87,1000
72.7,86,1000
73.6,80,1001
76.8,75,1001
78.3,67,1002
80.7,62,1002
83.3,55,1001
85.6,50,1001
86.9,52,1001
85.9,50,1000
86.6,56,1000
85.6,51,999
87.4,51,999
86,59,999
83.6,61,999
81.8,77,1000
78.8,86,1000
76.7,89,1000
76.6,89,1000
75.4,91,1000
74.7,92,999
73.7,92,999
73,93,998
72.6,94,997
72.8,94,998
74.3,93,998
75.3,93,999
76.4,89,999
79.4,81,999
82.5,75,998
84.5,65,998
86.9,58,997
89.2,50,997
90.8,47,996
91.5,54,995
85.4,65,995
87.6,58,994
88.8,68,995
85.5,71,995
84.3,64,995
82.3,74,996
78.5,76,995
76.9,79,995
75,82,995
74.6,82,995
74.5,81,994
74.2,84,994
73.4,87,994
72,91,994
71.5,90,994
74.6,77,995
78.7,70,995
82.3,60,996
85.2,50,996
87.4,48,996
89.2,45,996
90.2,44,996
91.1,41,995
90.8,45,995
89.2,51,995
87.1,56,995
85.6,60,995
85,60,996
83,66,996
81.5,68,996
80.9,73,996
79,81,996
77.1,81,996
76.5,84,996
74.9,89,996
74.1,91,996
74.1,89,996
73.6,92,996
73.3,92,996
75.3,85,997
82.1,67,997
83.8,64,997
84.1,63,997
86.1,56,997
87.8,58,997
89,53,995
90.4,50,995
90.1,42,994
91.5,41,993
89.5,50,993
86.9,52,992
85.6,55,992
81.4,89,993
75,92,993
73.5,94,994
73.1,94,994
73.3,94,994
73.4,94,993
72.9,93,993
72.4,93,993
72.1,92,993
71.6,92,994
70.9,92,995
71,89,996
72.1,84,995
73.6,83,996
73.3,80,997
76.3,68,997
77.5,70,997
78,63,998
79.4,57,997
82.3,50,997
83.6,52,997
83.8,50,997
83.3,54,997
80.6,67,997
76.3,79,997
72.9,81,998
71.9,87,999
72.4,79,999
72.1,83,999
71,87,999
69.5,89,999
68.3,92,999
68.7,92,999
67.7,94,999
67.8,93,1000
71.5,84,1000
75.9,67,1001
79,56,1001
82.4,50,1001
84.3,50,1001
86.5,43,1001
88,35,1000
89.4,37,1000
90.4,32,1000
90.2,35,999
89.4,41,999
87.1,47,999
85.9,57,1000
81.4,58,1000
80.5,63,1000
78.8,70,1000
77.3,75,1000
76,77,1000
74.5,86,1000
72.2,89,1000
71.8,91,1000
70.5,93,1000
70.7,93,1001
70.6,93,1001
72.7,91,1002
77,77,1002
82,63,1002
84.9,54,1002
86.6,45,1002
88,42,1002
88.6,40,1002
89.5,41,1001
90.1,38,1001
90.7,37,1000
89.7,40,1000
87.7,44,1000
85.3,53,1000
81.2,66,1000
80.1,70,1000
79.3,70,1000
78.3,75,1000
76.2,81,1000
74,88,1000
72,90,1000
71.9,91,1000
71.9,92,1001
72.6,92,1001
73.4,93,1001
74.6,92,1001
77.3,84,1001
80.3,78,1002
82.1,73,1002
83.2,69,1002
84.1,64,1002
85,61,1001
85.3,57,1001
85.2,63,1000
83.2,67,1000
82.9,70,1000
82.1,73,999
81.2,77,1000
80.1,79,1000
79.2,81,1000
78.7,83,1000
78.3,86,1000
77.6,88,1000
76.9,90,999
76.6,89,999
76.6,90,999
76.6,90,999
76.5,91,1000
75.9,92,1000
76.3,90,1000
78.4,82,1001
79.8,82,1000
81.1,75,1000
83.9,65,1000
86.6,63,1000
88.5,56,999
89.8,53,998
91,51,998
91.1,47,998
91.2,47,997
90.5,50,997
88.2,54,997
85.1,61,998
82.5,68,998
81.2,73,998
79.7,74,998
80,74,997
79.5,76,997
78.7,80,997
77.3,86,996
76,87,996
75.9,88,996
76.1,87,996
77.2,86,997
79,81,997
81.5,71,997
85,63,997
85.9,60,997
87.2,61,996
87.7,57,995
89.2,56,994
90,53,994
86.8,64,994
82.4,76,995
76,83,995
75.7,86,996
73.4,92,995
72.8,91,995
72.8,88,995
72.2,91,995
71.3,92,995
70.9,93,995
71,93,995
70.8,94,995
70.6,94,995
70.4,94,995
70.4,94,996
71.9,92,996
73.7,84,996
76.4,81,996
78.1,75,996
80.8,67,996
82.4,68,996
83.4,63,996
85.4,66,995
86.1,57,994
84.9,67,994
83.4,71,994
83.2,72,994
79.2,76,995
77,78,995
76.3,81,996
74.9,82,996
74.7,83,996
74.5,86,996
74.2,88,996
73.7,88,996
73.7,88,996
73,90,996
72.8,89,996
72.9,88,997
73.4,86,998
75.4,79,998
78.6,70,998
81.8,63,998
84.2,60,998
85.7,58,998
87.4,56,998
88.4,53,997
89.3,51,997
90.7,47,997
89.1,58,997
85.5,64,997
84.6,63,998
82,70,998
81,73,999
80,76,999
80.2,76,999
79.2,71,999
78.1,81,999
77.2,85,999
76.7,86,999
76.2,90,999
75.3,92,999
74.7,93,1000
76.3,85,1000
79.6,78,1001
82,73,1001
84.1,65,1001
85,61,1001
86.4,57,1000
88.7,53,1000
88.9,54,999
89.1,55,999
89.9,52,999
90,51,998
89,52,999
86.2,58,999
84.3,63,999
82.4,67,1000
81.6,68,1000
81.1,73,1000
80.7,77,1000
80.1,78,1000
79.3,80,1000
78.5,82,1000
77.3,85,1000
77.3,82,1000
76.9,87,1000
77.1,84,1001
79.6,77,1001
83.2,69,1001
85.8,64,1001
87.6,62,1001
88.2,57,1001
90.2,49,1000
92.5,43,999
93.1,45,999
92.9,47,999
86,70,999
81.3,71,998
82.2,70,999
81.1,74,999
80.2,76,999
80,78,999
80,77,1000
79.7,80,1000
79.1,82,999
78,84,999
77.3,85,999
76.9,86,999
76.3,87,999
76.2,86,1000
76.9,85,1000
79.4,83,1000
81.9,72,1000
86.1,60,1000
89.3,50,1000
91.9,49,1000
93,46,999
93,43,999
92.8,49,998
93.8,54,998
86.8,66,998
81.1,78,999
78.7,78,998
77.8,80,999
77.3,80,999
76.9,83,999
76.3,85,999
76.1,87,999
75.5,89,999
75.4,88,998
75.4,88,998
75.3,87,998
75,87,999
75.1,85,999
76.2,82,1000
79.2,76,1000
82.8,71,999
86.3,63,999
88.7,61,999
91.2,50,999
92.8,52,998
93.2,49,998
91.8,49,997
93.2,50,997
93.5,46,996
92.8,51,996
90.6,55,997
87.3,65,998
85.6,70,998
81.6,73,1000
75.7,91,1000
72.8,93,999
72.7,93,999
72.9,94,999
73.4,94,998
73.3,94,998
73.4,94,999
73.6,94,999
74.4,93,1000
75.6,89,1000
78,79,1000
83,65,1000
86.2,56,1000
88.2,53,999
89.7,53,999
91,51,999
92.1,48,998
92,51,997
92.5,47,997
91.7,50,997
89.9,59,998
85.7,74,999
81.6,80,999
79.2,82,999
79.4,82,999
77.6,89,999
78.2,86,998
76.6,89,998
76.9,89,998
76.2,92,997
76.1,92,998
75.5,90,999
77.9,81,1000
81.7,69,999
85.1,62,999
88,55,999
90.2,47,998
92.5,42,998
93.6,39,998
94.3,46,997
94.2,42,997
94.9,38,996
94.6,54,996
87.8,66,996
82.7,74,997
81.1,82,997
80.9,75,997
80.7,75,997
79.3,78,997
78.1,81,997
77,83,996
76.1,85,996
75.5,88,996
74.7,90,996
74.1,92,996
73.5,92,996
75.3,85,996
78.3,80,997
80.8,76,997
83.8,66,997
87.3,57,996
90.4,52,996
91.9,51,996
93.1,47,995
93.3,46,995
94.4,41,994
90.9,60,994
89.1,63,994
84.5,69,996
75,93,996
73.8,95,996
74,94,997
73.8,94,996
73.2,95,996
72.8,95,996
72.4,95,995
72.7,95,996
72.5,95,996
72.1,95,996
71.7,95,997
72.6,95,997
75.1,88,998
79.7,76,998
83.4,72,998
85.6,61,998
87.8,55,998
89.3,49,997
90.1,53,997
91.1,46,997
90.6,48,997
89,50,997
88.7,50,998
86.5,54,998
82.5,63,998
79.5,68,999
77.4,68,999
76,71,999
75.4,74,999
71.7,89,999
70.5,89,999
69.7,91,1000
69.4,91,1000
68.1,94,1000
68.4,94,1000
71.5,83,1000
75.8,76,1001
78.9,70,1001
81.8,57,1002
84.3,51,1002
84.7,50,1001
85.6,49,1001
87.4,47,1000
86.4,46,1000
87.5,50,999
86.2,46,999
84.9,54,998
82.7,60,998
80.1,70,998
76.9,71,998
75.9,69,998
76.7,71,999
75.3,76,999
75.1,72,998
75.1,70,998
74.7,79,998
72.9,81,998
72.8,82,998
73.1,83,998
74,77,998
77.8,68,998
80.9,64,998
83.5,60,997
86.3,56,997
88.9,54,996
90.8,51,996
92.7,45,995
94.1,48,995
94.9,45,994
95.2,46,994
94.4,50,994
91.3,61,994
88,64,995
86.5,69,996
86.6,66,995
85.9,70,995
84.7,72,995
83,78,994
81.6,80,994
79.8,85,994
78.7,74,994
76.8,81,995
75.3,71,995
77.6,62,996
81,58,996
84.6,47,996
88.6,41,996
92.1,34,996
94.7,34,995
96.4,32,995
98.2,33,994
99.7,33,994
100.2,31,994
99.8,43,993
96,43,993
93.3,49,993
89.7,54,993
87.5,59,994
86.9,62,994
86,64,994
84.7,67,994
83.9,66,994
83.4,70,993
81.4,79,993
78.9,78,993
78.2,81,993
77.5,82,993
79.9,75,994
84.3,63,994
89.5,54,994
93,44,994
95.3,41,994
97.2,40,994
98.1,35,993
98.9,35,992
99.2,35,992
99.9,36,992
99.3,41,992
97.9,42,992
95,49,992
89.9,62,993
86.1,65,994
86.1,57,994
84.4,60,994
81.6,71,994
80.2,61,994
79.8,68,994
77.5,75,994
75.5,77,995
74.8,79,995
74.4,80,996
76.3,74,997
79.4,70,997
81.3,67,997
84.7,62,998
86.5,59,998
87.9,56,998
89.9,53,998
90.5,50,997
92.8,48,997
92,52,996
90.8,58,997
89.9,63,997
87,68,998
85,70,997
84,75,999
74.3,93,1001
69.4,94,1000
70.2,94,1000
70.7,95,1000
70.9,95,1000
70.5,95,1001
69.9,95,999
70,95,999
70.3,95,1000
70.9,95,1000
71.3,94,1002
71.6,92,1002
73.3,85,1002
75.2,82,1002
76.9,80,1002
78.3,76,1002
79.1,79,1001
77.8,80,1001
78.8,76,1000
80.1,76,1000
78.9,80,1001
76.6,84,1002
75.1,89,1001
74.4,89,1002
73.5,91,1002
73,93,1002
72.4,94,1001
71.9,94,1001
71.6,95,1001
72,95,1001
72.1,95,1001
72.1,95,1002
72.1,95,1002
72.2,95,1002
72.4,95,1003
73.4,89,1003
74.7,86,1004
75.5,86,1003
76.9,82,1003
78.2,81,1003
79.1,75,1002
80,72,1002
81.9,70,1002
81.5,73,1001
81.2,75,1002
79.4,77,1002
77.7,81,1002
77,82,1003
76.3,84,1003
75,90,1003
73.4,93,1003
72.6,94,1002
72.5,94,1002
72.4,95,1002
72,95,1002
71.8,95,1002
71.6,95,1002
72,95,1002
72.4,95,1003
73.2,90,1003
73.3,92,1003
74,91,1003
75.3,88,1002
77.4,78,1002
78.7,78,1002
78.8,74,1001
78.8,77,1001
76,84,1001
72.2,92,1001
70.5,94,1001
70.4,94,1001
70.5,95,1001
70.6,95,1001
70.8,95,1001
70.4,95,1001
70,95,1001
69.8,95,1001
69.8,95,1000
69.9,95,1000
70.1,95,1001
70,95,1001
70.2,94,1002
70.8,93,1002
72.8,86,1002
75.7,82,1002
77.8,69,1002
80.6,65,1001
82.7,60,1001
84.4,52,1001
85.4,51,1000
86.1,46,999
86.5,49,999
84.9,59,999
83.5,63,999
78.8,76,1000
76.7,76,1000
75.2,82,1000
74.3,86,1000
72.4,91,1000
70.6,93,1000
69.7,94,999
69.3,95,999
68.6,95,999
68.2,95,999
67.7,95,1000
68.8,95,1000
73.7,88,1000
78.4,72,1001
81.2,68,1001
83.8,60,1000
85.9,52,1000
87,50,999
88.3,46,998
89.3,45,998
89.7,49,998
89.3,46,997
88.8,53,997
85.1,65,997
80.3,74,998
77.1,79,998
75.6,90,998
73.3,88,998
73.2,85,998
72.8,92,997
71.8,92,997
70.3,93,997
69.6,93,997
69.6,92,997
70.1,92,997
71.9,88,998
77.7,72,998
82.6,63,998
85.9,63,998
88.8,49,998
89.9,54,998
90.9,41,997
92.1,43,997
89.7,55,997
84.1,67,996
84.4,64,996
86.5,61,996
84.8,79,997
79.9,85,997
76.1,90,998
74.6,93,998
73.3,94,998
72.8,94,998
72.7,94,997
73.1,95,998
72.7,94,998
72.1,94,998
70.8,95,999
70.4,95,999
73,88,1000
78.5,78,1000
82.3,68,1000
87,53,1000
88.6,49,1000
89.3,46,1000
92,46,1000
92.4,41,1000
93,42,999
92.1,50,999
90.5,49,999
89.9,58,999
86.4,69,999
82.5,74,999
79.4,80,1000
77.5,82,1000
78.2,80,1000
77.4,85,1000
77.6,81,1000
77.1,79,1000
76.2,82,1000
74.9,86,1001
73.8,87,1001
72.8,91,1001
73.9,86,1001
77.9,73,1002
81.5,72,1002
85.6,62,1002
87.2,57,1002
86.6,68,1001
75.3,82,1001
80.4,55,1001
89.7,46,1000
92,38,999
91.6,50,999
88.5,58,999
85.3,64,1000
82.7,68,1000
81.2,70,1001
79.8,76,1001
78.8,80,1001
77.3,83,1001
76.1,84,1001
75.5,85,1001
74.7,89,1000
73.4,91,1000
72.4,93,1001
71.4,94,1001
73.3,89,1002
77.7,76,1002
80.7,68,1002
83.6,62,1002
85.6,61,1002
86.8,55,1001
87.9,49,1001
88.4,49,1000
89.3,55,1000
86.1,56,1000
84.5,53,1000
83.8,53,1000
82.1,59,1000
78,71,1001
75.2,80,1002
72.8,88,1002
71.6,90,1001
70.8,92,1002
70.3,93,1002
70.1,93,1001
70.3,93,1001
70.1,94,1001
69.1,94,1001
69.7,95,1002
70.6,94,1002
74.1,86,1002
77.7,80,1003
80,74,1003
81.8,67,1003
84.6,58,1002
85,56,1002
86.4,50,1001
86,51,1000
86.5,52,1000
85.5,62,1000
81.6,62,1000
81.1,67,1000
78.3,70,1001
77.6,71,1001
76.7,76,1001
75.5,76,1001
75.1,81,1001
73,89,1001
71.4,91,1001
70.7,92,1000
70,94,1001
69.1,95,1001
69.5,95,1001
72.1,90,1002
76.9,70,1002
80.5,67,1002
81.9,59,1002
82.7,60,1002
83.6,53,1001
85.6,52,1001
84.9,54,1000
82,67,1000
79.8,64,1000
80.3,67,1000
79.1,72,1000
78.4,73,1000
77.2,76,1000
75.9,80,1000
75.4,79,1001
75,81,1000
74.3,83,1000
73.2,87,1000
72.9,89,1000
73,91,999
72.5,92,999
72.8,92,999
72.8,93,1000
73.3,93,1000
73.7,94,1000
73.9,94,1000
72,95,1000
71.4,95,1000
73.7,94,999
77.7,80,999
81.3,71,998
81,79,998
77.2,87,998
77.1,81,998
77.4,85,998
76.4,88,998
74.6,91,997
73.5,92,998
72.9,93,999
72.5,94,998
72,95,998
71.2,95,998
70.8,95,998
70.8,95,998
71.6,95,998
71.6,95,997
71.4,95,998
72.2,95,998
73.8,90,998
76.7,83,998
79,74,999
80.9,71,998
81.9,65,998
83.8,66,998
85.3,59,997
85.5,69,996
85.6,67,996
78.7,89,996
77.4,85,996
79.1,92,997
76.1,92,997
74.8,94,997
74.3,94,998
73.9,95,997
73.6,95,997
73.3,95,997
73.4,95,996
73.3,95,997
73.2,95,997
73,95,997
72.3,95,997
73.4,95,998
76.6,88,998
80,79,998
84,68,998
86.6,60,998
87.9,56,998
88.5,53,997
88.3,63,997
81.8,66,997
89,53,997
91.5,52,997
89.3,74,996
84.8,76,997
81.1,83,997
78.9,88,998
77.2,87,998
78.4,79,998
78.1,90,998
76.2,84,998
77.1,89,998
74.9,93,997
74,93,997
73.1,94,998
72.8,95,998
74.3,94,999
78.9,81,999
82.9,70,999
86.2,60,999
88.1,58,999
89.9,49,998
91.3,47,998
90.7,48,998
92.8,45,997
92.6,45,997
93.2,51,996
90,64,996
86.8,66,996
84,71,997
81,76,997
79.4,79,997
78,83,998
76.2,87,998
75.5,89,997
74,93,997
73.3,94,996
72.7,94,996
72.6,95,996
72.6,95,997
74.6,90,997
78.7,81,998
81.6,75,998
84.8,68,998
86.8,63,997
88.3,64,997
89.8,59,996
90.1,57,996
90.2,55,995
88.1,68,995
78.9,88,995
81.1,77,995
83.1,90,995
79.8,92,995
78.4,85,996
80.2,82,996
79.2,85,996
77.6,89,995
75.9,91,995
75.3,92,995
74.5,93,995
74.4,92,996
73.7,94,996
73.5,94,996
74.8,94,997
78.4,82,997
81.7,80,997
83.6,76,997
86.6,65,997
87.4,61,996
89.4,60,996
90.4,59,996
90.4,60,996
88.4,69,996
85.7,72,996
82.8,77,996
81.6,83,996
80,87,996
78.6,88,997
77.5,87,997
76.6,87,997
75.8,90,998
75,90,997
74.9,89,997
74.4,90,997
74.8,90,997
73.7,94,997
73.2,93,998
74.6,87,998
78.8,74,999
82.9,63,999
85.3,64,1000
88.1,59,1000
90.3,54,999
91.8,51,999
92.5,52,999
93.5,48,998
93.6,45,998
94.6,51,998
93.3,62,998
86.2,71,998
82.8,80,998
81.5,80,999
80.2,84,999
79.9,88,999
79,92,999
78.1,87,999
77.5,92,999
76.4,92,998
75.5,94,998
74.5,94,998
74.1,95,999
74.6,89,999
77.6,82,999
81.4,76,1000
84.4,68,1000
87.1,64,999
89.4,58,999
91.5,52,998
91.9,52,997
93.3,46,996
93.5,52,996
93.2,54,996
91.3,62,996
86.9,68,996
84.7,72,996
84,69,997
78.8,91,998
72.9,93,997
73.2,94,997
73.5,94,997
73.2,95,996
73.3,95,996
73.1,95,995
72.9,95,995
72.8,95,996
73.1,95,996
74.3,91,997
75,87,997
75.2,86,997
76,83,998
77.8,81,997
80.1,75,997
79.4,78,997
79,76,997
78.7,74,997
79.1,74,997
78.1,77,996
76.6,82,997
74.5,91,997
72.7,93,998
71.8,93,998
71.6,93,998
71.3,94,998
71,94,998
71.1,94,998
70,95,998
68.9,95,997
68.8,95,998
68.6,95,998
69.9,93,998
71.5,88,998
74.1,78,999
77.9,64,999
79,62,999
80.2,64,999
79.8,69,999
78.8,69,998
78.9,73,997
79.9,74,997
80.2,72,997
78.9,78,997
77.2,81,997
75.7,83,998
75.3,81,998
75.6,79,998
76.1,78,998
75.9,83,998
75.4,87,998
74.6,89,997
73.7,92,997
73.7,93,997
73.6,94,997
73.9,93,997
74.8,92,998
76.2,87,999
78.3,83,999
80.1,79,999
82.4,74,998
85,65,998
87,64,997
87.2,65,997
88.4,62,997
87.2,68,996
87.2,64,996
87.9,68,996
84.8,78,997
81,86,997
79.3,90,997
77.8,92,998
77.4,92,998
77.1,93,997
76.6,94,997
76.4,94,997
76.1,94,997
77.6,90,997
77.9,90,997
77.2,91,997
78,88,998
80.9,81,999
84.5,72,999
87.4,67,999
89.6,61,998
91.6,56,998
93.4,48,998
94.4,47,997
93.1,58,997
85.5,70,997
82.9,76,996
82.4,76,996
81.8,79,996
80.8,81,997
80,85,997
79.1,89,997
78.3,87,997
78.7,86,997
78.8,89,996
77.1,92,996
77.3,90,995
76.7,92,995
76.6,92,995
76,93,995
77.1,88,995
80.7,80,996
84,75,996
87,64,996
90,57,996
91.8,52,996
92.8,50,995
93.2,49,995
92.2,54,994
92.5,48,994
92.5,50,994
90.9,52,994
87.5,70,994
80.5,80,994
78,84,994
75.7,81,994
76.9,82,994
75.3,85,994
72.8,87,994
72,87,994
70.3,93,994
69.4,92,994
70.1,92,994
69,89,994
70.9,79,994
76.3,69,995
80.6,57,995
83.2,57,996
86,52,996
87.6,47,995
89.3,39,995
90.7,33,994
91.6,39,994
90.8,39,993
89.4,44,993
86.7,48,993
82.3,70,993
78.9,64,994
78,75,993
76.5,77,994
75.6,79,994
74.8,78,995
75.3,77,995
75.3,71,994
76.2,61,995
73.2,93,995
70.5,93,994
69.9,93,995
70.3,93,995
73.5,84,996
75.8,83,996
77.1,75,996
79.7,68,996
81.5,69,996
80.9,71,996
80.7,70,995
81.6,76,995
80,75,995
79.2,77,995
77.3,82,995
76,83,995
74.2,82,996
73.1,84,996
72.9,84,997
72.9,84,997
72.6,87,997
72,88,996
71.3,91,996
71.1,91,996
71.4,90,996
71,91,997
70.6,92,997
71,90,998
72.1,84,998
73.9,83,999
77.1,74,999
79.4,70,1000
80.2,67,999
81.1,64,999
81.8,64,999
82.9,58,999
83.8,59,999
84.1,59,999
81.7,65,1000
79.2,71,1000
75.7,78,1001
75.1,77,1001
74.4,80,1002
73.7,78,1002
72.7,82,1003
71,86,1002
69.5,89,1002
67.8,93,1003
66.2,95,1003
65.6,95,1003
65.2,95,1003
65.2,95,1004
69.9,79,1004
74.9,62,1005
78,56,1005
80.1,50,1004
80.9,48,1004
82,47,1004
81.8,49,1003
83,44,1003
82.8,46,1003
82.2,45,1002
80.5,46,1002
76.8,57,1002
71,67,1002
69.3,75,1002
67.5,83,1003
66.7,72,1002
66.2,75,1002
65.8,81,1002
64,86,1002
62.7,89,1001
61.3,93,1001
60.4,93,1002
59.3,95,1001
61.7,85,1001
67.6,75,1002
73.3,63,1001
76.2,51,1001
78.3,45,1000
80.3,43,1000
81.6,43,1000
82.6,42,999
83.4,41,998
82.5,48,998
81.6,46,998
81.8,47,997
78.4,64,997
73.7,63,997
75.8,64,997
74.9,67,997
74.2,66,997
73.7,66,997
72.6,72,996
71.5,76,996
71.3,77,996
70.3,81,995
68.4,86,995
67.5,91,996
68.5,82,996
71.7,82,996
75.5,70,997
81.1,61,997
83.4,53,996
85.3,47,996
85.4,52,995
84.7,60,995
83.9,53,994
85,53,994
85.4,57,994
83.9,59,994
80.2,75,994
77.5,74,994
76.6,79,995
74.6,86,995
72.7,91,995
71.3,93,994
70.6,94,994
70.1,95,994
69.9,95,994
69.6,95,994
69.2,95,994
68.9,95,995
68.6,96,995
71.9,94,995
76.8,73,996
81.4,66,996
84.5,57,996
85,61,995
87,54,995
88.6,48,994
89.6,48,994
89.6,44,994
89.4,48,994
89,54,994
84.3,73,994
77.6,80,995
77.5,76,995
77.2,81,995
76.4,83,996
75.7,86,996
75.3,90,995
73.1,93,995
71.9,94,995
71.9,95,995
71.6,95,995
72,95,995
72.6,95,995
73.4,95,996
77.2,79,996
80.6,72,996
82.3,67,996
83.8,64,995
85,54,995
87.2,54,994
88.1,54,994
88.5,51,993
89.6,50,993
87.2,74,993
83,73,993
82.9,68,994
82,74,994
80.3,79,994
78.9,83,994
77.8,87,994
77,89,993
76.1,91,993
75.5,93,993
75.4,93,993
75.6,93,993
75.4,94,993
75.5,94,994
77.5,83,994
80.5,75,993
83.9,68,993
85.4,62,993
86.8,60,992
88.2,60,991
89.4,58,990
88.8,63,989
82.1,78,989
84.8,74,989
85.9,70,988
84.7,74,988
83.5,75,989
82.4,79,989
81.6,81,989
81.1,78,989
80.6,80,988
80,82,988
79.2,84,988
78.7,84,987
77.5,85,987
76.7,88,987
76.2,87,988
76.4,84,988
78,76,988
80.2,69,989
82.3,62,989
84.4,55,989
86.2,52,989
86.9,48,989
87.4,48,988
88.3,47,988
89,43,988
87.9,49,989
86.2,52,989
84.1,53,990
80.6,59,991
77,72,992
73.4,77,992
71.8,80,992
72,77,993
70.5,80,993
69.9,78,993
68.6,82,993
68.7,80,993
67.4,85,993
65.9,89,994
65.8,85,995
71,73,995
76,67,996
79.8,53,996
82.8,43,996
84.6,43,996
86.2,38,996
86.6,41,995
87.5,38,994
88,42,994
87.3,45,994
85.9,58,995
79.6,70,995
77,74,995
74.9,57,996
77.3,62,996
73.9,70,997
70.7,81,997
69.7,81,997
68.5,82,997
67.9,79,996
67.2,82,997
67,81,997
65.7,90,998
67,83,998
71.1,67,999
76.1,63,999
79.6,54,999
82.9,46,999
85.5,32,998
87,34,998
88.1,30,997
89.2,31,997
89.9,30,996
89.3,29,996
87.7,34,996
81.5,57,996
75.6,63,997
74.7,63,997
72.8,77,997
69.1,74,997
69.1,85,998
69,64,998
73.4,64,998
71.4,68,998
69.8,71,998
68.5,73,999
68.4,75,999
67.7,74,1000
71.6,61,1000
76.5,49,1000
80.3,42,1000
83.6,37,1000
85,38,999
85.8,33,999
86.7,33,998
87.8,29,998
88.5,29,997
88.3,32,997
87.4,37,998
80,53,998
74.2,62,998
72.8,62,999
70.8,56,1000
71.5,63,1000
70.1,61,1000
69.8,67,1000
68.4,74,1000
66.8,76,1000
65,86,1000
64.1,87,1001
63,91,1001
63.2,85,1002
68.5,74,1002
73,64,1003
76.7,50,1003
79.2,49,1003
81,39,1003
82.2,39,1002
83,39,1002
83.9,33,1002
82.5,32,1002
82.6,39,1002
79.2,43,1002
77.2,47,1002
75.5,49,1003
74.3,51,1003
72.6,56,1004
71.3,58,1004
69.6,65,1004
66.2,77,1004
63.3,82,1004
61.8,82,1004
61.8,81,1004
61.6,89,1004
60.9,88,1005
61.6,82,1005
67.6,67,1006
73.3,56,1006
77.3,47,1006
79.7,39,1006
80.7,35,1006
82.9,33,1005
84.4,30,1005
85.2,30,1005
84,38,1005
82.5,43,1005
80.6,49,1005
77.2,54,1005
75.6,58,1006
73.6,62,1007
71.7,68,1007
69.7,73,1007
68.3,79,1007
67.2,83,1007
66.5,86,1006
65.7,87,1006
64.7,90,1006
63.6,92,1006
63.2,91,1006
64,88,1007
67.5,76,1007
71.7,67,1008
73.9,60,1008
75.1,56,1008
78,51,1007
80.3,39,1007
81.6,40,1006
81.7,38,1005
82.1,35,1005
81.8,39,1005
79.9,44,1005
76.3,50,1005
74.1,54,1006
72.3,61,1006
70.3,67,1006
68.6,70,1006
66.7,75,1006
65.2,79,1006
63.7,82,1005
63,82,1005
62.5,84,1005
62.7,83,1005
63.4,81,1005
63.7,81,1005
64.9,78,1005
68.8,69,1006
73.4,66,1006
75.3,61,1005
77.6,61,1005
79.5,55,1004
81.1,46,1003
82.8,43,1003
83.9,43,1002
83.6,56,1002
80.4,59,1002
76.6,66,1002
73.4,73,1002
71.9,80,1002
70.6,79,1002
72.4,75,1002
70,82,1002
67.3,88,1002
64.2,93,1001
62.9,92,1001
61.5,94,1001
61.1,95,1001
60.5,95,1001
61.5,95,1001
63.9,95,1002
69.1,70,1002
74,54,1002
77,47,1001
78.7,43,1001
80.8,38,1000
82.5,36,999
84.1,32,999
84.9,30,998
84.6,31,998
83.3,39,998
75.9,55,998
70.9,64,998
68.3,73,999
65,82,998
63.3,80,998
62.4,79,998
61,86,998
61.5,78,998
62.6,83,997
60.8,90,998
58,94,998
57.4,94,999
58.3,95,999
63.2,95,999
72.6,71,1000
77.5,57,1000
80.8,41,999
83.7,33,999
85.2,33,999
86.1,30,998
86.4,31,997
86.2,33,997
85.4,33,998
83.6,39,998
79.2,46,998
73.5,59,998
70.2,69,999
69.5,64,999
69.1,67,999
67.3,83,1000
64.5,79,999
63.5,89,999
63.2,82,999
63.9,83,999
62.7,82,1000
62.4,80,1000
63.6,74,1001
68,59,1001
73.5,46,1002
77.9,46,1002
80.9,43,1001
83.3,36,1001
85.1,36,1000
86.5,34,1000
87.2,35,999
86,34,999
84.5,34,1000
81.9,38,1000
78.4,41,1001
75.3,46,1001
73.1,50,1002
71,55,1002
68.9,59,1002
67.7,63,1002
66.3,67,1002
65,72,1002
63.4,75,1002
61.9,79,1002
60.8,81,1003
60.2,83,1003
61.3,81,1004
64.8,72,1004
70.1,58,1005
74.8,52,1005
77.2,45,1005
80.1,40,1005
81.8,34,1004
83.5,34,1004
83.6,35,1003
83.4,35,1003
82.6,31,1003
80.3,35,1003
75.8,43,1003
73.6,48,1004
71.8,55,1004
69.8,63,1004
67.2,69,1004
65.4,74,1004
63.9,78,1004
62.7,81,1003
61.9,83,1003
60.7,86,1003
60,86,1003
60.2,86,1003
61.2,83,1003
64.2,76,1003
68.8,67,1003
72.6,65,1002
75.7,60,1002
79.6,55,1001
83.5,52,1000
84.9,48,999
85.4,49,998
85.7,51,998
84,56,998
83,58,998
79.8,64,998
78.3,67,998
77,72,998
75.8,76,998
74.4,81,998
73,85,998
72,88,997
72.3,89,997
72.7,89,997
72.6,89,996
72.6,90,997
72.1,92,997
72.4,90,997
73.5,87,997
77,74,997
78.5,79,997
79.9,69,997
82.1,63,996
83.6,65,996
83.5,65,995
79.6,75,995
79.2,76,995
79.7,73,995
78.7,79,995
76.9,83,994
76,86,995
75.6,88,995
75.6,87,995
75.4,88,995
75.3,89,994
74.6,90,994
74.4,90,993
74.6,89,993
74.9,88,993
75.1,88,993
74.9,88,993
74.6,88,993
75.5,85,993
76.9,81,993
78,78,993
78.8,76,992
77.7,83,992
76.2,87,991
75.3,88,991
75.2,88,991
76.2,82,991
74.8,85,991
73.9,83,991
74,83,992
74.4,81,993
74.8,79,993
74.2,87,992
73.8,88,992
73.7,90,992
73.9,89,992
74,90,992
73.9,89,992
73.9,89,992
73.5,88,993
73.6,89,994
73.6,87,995
74.4,82,995
78,72,995
80.6,64,995
82.7,61,995
85.2,56,995
86.6,51,995
88.6,45,995
89.5,45,994
89.9,46,994
88.9,48,994
87.3,53,995
84,60,995
80.7,68,996
78.6,73,997
76.8,77,997
76,82,997
74,85,996
71.7,92,996
72.3,91,996
71.5,92,996
70.9,94,996
70.3,95,996
71,95,997
70.7,95,997
71.3,95,998
71.7,92,998
74.4,78,998
80.4,67,998
84.2,54,997
87.4,47,997
89.8,41,996
91.3,39,995
91,41,995
90.1,45,995
82.8,61,996
76.6,89,995
72.7,93,996
72.4,91,996
73,90,996
72.7,91,996
72.1,93,996
72.1,89,996
70.4,94,996
69,95,996
69.2,94,995
68.6,94,996
67.3,95,996
67.9,95,996
71.4,82,996
78,70,997
81.6,58,997
84.8,50,997
87.2,46,996
89.2,42,996
90.3,39,995
90.4,41,994
91.3,40,994
91.3,41,994
87.7,55,994
81.5,62,995
80.7,66,996
78.3,69,995
76.7,72,996
76.5,77,996
75.1,86,996
73.2,90,996
70.6,94,996
69.7,94,996
68.9,95,996
68.2,95,997
67.7,95,997
67.4,95,998
70.8,86,998
76.3,70,998
80.6,59,999
84.4,52,998
87,48,998
88.1,42,998
89.8,33,997
90.5,32,997
91.4,37,997
89,39,998
87.6,48,998
80.4,58,999
77.8,67,999
76,73,1000
73.3,80,1000
73,74,1000
73.8,76,1000
72.6,80,1000
72.1,90,1000
69.9,92,1001
70.1,94,1001
71.4,95,1002
71.5,95,1002
71.8,95,1003
72.7,95,1003
74.3,92,1004
77.2,79,1004
80.3,73,1004
83.9,60,1004
86.4,61,1004
87.5,55,1003
88.7,56,1002
86.9,54,1002
84,62,1002
83.7,67,1002
81,71,1003
78.3,77,1003
78.5,75,1003
77.4,79,1003
75.9,81,1003
74.6,86,1003
73.7,90,1003
73.3,93,1002
73.6,92,1002
73.9,92,1002
73.6,92,1003
73.8,92,1003
74.3,89,1003
75,84,1003
76.5,77,1003
79.4,72,1003
81.9,65,1003
84.9,59,1002
87,51,1001
88.7,53,1000
88.7,46,1000
89.7,44,999
88.8,48,999
85.8,60,999
81.9,63,999
79.6,63,1001
69.3,95,1001
69,95,1001
69.4,95,1001
69.1,95,1001
68.8,95,1001
68.2,95,1001
67.6,96,1001
67.2,96,1001
67.3,96,1001
67.6,96,1001
67.9,96,1002
68.6,96,1002
69.2,95,1002
70.6,90,1002
74.3,79,1002
77.1,74,1002
78.6,65,1001
82,56,1001
82,60,1000
82.3,58,1000
80.4,64,1000
78.7,70,1001
75.1,80,1001
71.7,88,1002
70.6,89,1001
70.3,90,1001
69.6,90,1001
70.4,89,1001
69.5,91,1001
69.1,93,1001
68.4,94,1001
67.8,95,1001
66.9,95,1001
66.3,95,1001
66.9,95,1001
69.9,95,1002
72.3,84,1002
76,82,1002
78.3,68,1002
81.2,55,1001
83.6,52,1000
84.7,48,1000
85.9,45,999
86.6,41,998
85.9,52,998
81.4,63,998
78.2,69,998
76.3,70,999
74.6,75,999
73,78,999
72.6,78,999
72.4,81,998
71.8,86,999
71.6,87,998
71.4,90,998
70.5,92,999
70.2,92,999
69.5,93,999
68.8,94,999
71.9,81,999
76.5,70,1000
80,64,1000
83.1,58,999
85.9,54,999
87.2,48,998
89.3,45,998
90.4,39,997
89.9,52,997
86.9,53,997
85.1,61,997
81.1,67,998
78.4,75,998
78.2,67,999
78.5,71,999
77.5,70,999
76.8,73,999
74.4,82,1000
72.3,82,999
71,88,999
70.7,90,999
70.5,85,1000
70.7,88,1001
70.1,87,1001
71.7,83,1002
74.7,79,1002
76.3,77,1003
76.2,80,1003
76.3,79,1003
77.5,76,1003
78.4,74,1003
78.8,72,1002
79.3,71,1002
79.6,73,1002
78,79,1002
76,81,1003
75.3,81,1003
75.2,83,1004
74.6,83,1004
74.3,83,1005
73.5,84,1004
72.5,84,1005
72,85,1004
71.4,88,1004
70.3,91,1004
69.7,91,1004
70,91,1004
69.5,93,1005
70.4,87,1005
71.9,83,1005
73.3,79,1005
76.3,71,1005
78.6,65,1005
80.7,61,1004
81.4,59,1003
82.4,60,1002
80.9,60,1001
80.3,63,1001
78.4,68,1001
76.3,71,1001
75.9,71,1001
75.9,79,1001
74.7,83,1001
73.9,86,1001
72.1,89,1000
71.1,91,999
70.4,91,999
69.9,91,998
69.4,92,998
68.9,92,998
69,91,998
69.9,88,998
71.2,85,997
74.3,82,997
76.7,74,997
78.6,66,996
79.8,65,996
80.9,60,995
81.3,61,994
79.8,59,994
79,65,993
78.3,70,993
77.2,79,993
74.7,78,993
75.6,72,993
75.9,73,994
74.2,90,994
71.3,92,994
70.6,92,993
70.8,93,993
70.7,93,993
70,94,993
69.2,95,993
68.7,95,994
68.1,95,995
67.6,95,996
69.4,84,996
72.5,71,997
75.6,63,997
78,58,997
78.6,61,997
80,61,997
80.8,55,997
82.3,46,997
82.1,46,996
82.1,52,997
78.3,66,997
71.8,80,997
69.5,80,998
67.5,87,998
66.3,88,998
65.3,90,999
64.5,79,999
65.1,81,999
64.8,84,999
63.3,90,999
62,92,1000
61.6,93,1000
59.5,95,1001
59.5,95,1001
63.4,84,1002
68.9,70,1002
72.6,56,1002
75.1,48,1002
77.1,46,1001
79,41,1000
80.3,40,1000
81,39,999
81.3,36,999
80.3,43,999
76.6,54,999
72.6,57,999
69.7,65,999
67.4,70,999
66,71,999
67,73,998
66.4,81,998
65.1,86,998
64,89,997
64.3,90,997
63.5,92,996
63.5,93,996
64.8,92,996
64.7,92,996
68.5,83,996
72.4,75,996
75.6,64,996
78.9,56,996
81,55,994
82.1,59,994
83,57,993
82.2,59,993
80.4,61,993
78.6,66,994
76.3,66,995
74.6,65,995
73.4,55,996
71.9,47,997
70.6,45,998
68,45,997
67.3,49,998
65.7,55,999
64,54,999
63.1,47,999
62,46,999
61.1,49,1000
60.2,51,1001
59.8,51,1002
60.1,51,1002
61.6,48,1002
65.1,44,1003
67.7,49,1003
69.9,46,1003
70.6,44,1002
70.8,46,1002
71.5,49,1001
71.3,50,1001
71,58,1001
69.8,61,1002
67.9,62,1002
66.1,72,1003
65.9,65,1003
65.5,77,1003
64.7,73,1003
66.4,74,1003
66,75,1003
65.4,77,1003
64.2,82,1003
63.5,85,1003
62.6,86,1004
62.8,86,1005
63.3,83,1005
64.2,79,1006
66.7,72,1007
68.6,69,1007
72.4,57,1007
75.5,52,1007
77.8,53,1006
79.3,54,1005
80.2,49,1005
80.2,54,1005
78.1,58,1005
76.4,77,1005
71.7,77,1005
70.1,77,1006
67.5,82,1006
67.2,78,1006
68.2,82,1007
67.1,82,1007
65.4,84,1007
64.4,84,1007
62,91,1007
60,94,1007
58.9,95,1007
58.2,95,1007
57.8,96,1008
61.3,84,1009
66.9,68,1009
71.4,62,1009
74.6,61,1008
76.9,54,1008
77.8,49,1007
78.9,50,1007
79.7,46,1006
80.4,45,1006
78.9,51,1006
74.9,57,1006
71.1,71,1007
66.7,78,1007
66.5,70,1007
67.1,69,1007
66.1,75,1007
63.6,81,1007
61.8,86,1007
59.6,92,1006
58,94,1006
57.1,94,1007
55.9,95,1007
55.4,95,1008
55.2,96,1008
57.8,95,1008
61.9,86,1009
65.2,79,1009
68.1,75,1008
71.5,70,1008
74.8,66,1007
77.6,61,1006
79.4,59,1005
78.9,59,1005
79.1,64,1005
76.9,71,1006
73.3,76,1006
71.9,79,1006
71.1,80,1006
69.8,85,1007
69,84,1007
68.6,88,1006
67.5,91,1006
66.9,93,1006
66.3,94,1006
65.5,95,1006
65,95,1006
64.4,95,1006
64.8,93,1006
65.9,87,1007
68.3,81,1007
70.5,71,1007
74.2,61,1007
76.5,64,1006
76.2,68,1005
76.9,70,1005
76.2,65,1004
77.2,66,1004
76.3,70,1004
75.4,74,1004
73.9,76,1004
72.3,81,1004
71.1,84,1004
70.4,85,1004
71,84,1004
70.6,91,1004
69.1,94,1003
69.1,95,1003
69.3,95,1003
69.5,95,1003
69.5,95,1004
69.5,95,1004
69.4,95,1004
69.8,95,1004
71.3,91,1004
74.3,81,1004
76.7,78,1004
78.6,67,1003
80.3,64,1002
80.8,62,1002
78,68,1002
80.4,64,1001
80.7,62,1001
78.6,71,1002
75.8,83,1002
73.4,84,1002
72.4,86,1002
71.4,89,1002
71.1,89,1001
71.1,91,1001
71.1,91,1001
71.2,92,1001
71.4,92,1000
72,92,1000
72.6,91,1000
73,90,1000
73.3,90,1000
73.9,88,1000
75.2,83,1000
77.2,76,1000
77.8,77,999
77.8,76,999
77.2,85,998
73.8,90,997
73.8,89,996
74.1,91,996
74,92,996
73.5,92,996
73.4,94,995
73.4,94,996
73.3,94,996
72.3,94,995
71.5,94,995
71.2,94,994
70.8,94,994
70.5,94,993
69.8,94,992
69.5,93,992
69.4,93,992
69.8,94,992
70.1,95,992
70.7,95,992
71.6,94,992
72.3,94,991
74.6,93.65384615,990.7307692
74.72,93.30769231,990.4615385
74.84,92.96153846,990.1923077
74.96,92.61538462,989.9230769
75.08,92.26923077,989.6538462
75.2,91.92307692,989.3846154
75.32,91.57692308,989.1153846
75.44,91.23076923,988.8461538
75.56,90.88461538,988.5769231
75.68,90.53846154,988.3076923
75.8,90.19230769,988.0384615
75.92,89.84615385,987.7692308
76.04,89.5,987.5
76.16,89.15384615,987.2307692
76.28,88.80769231,986.9615385
76.4,88.46153846,986.6923077
76.52,88.11538462,986.4230769
76.64,87.76923077,986.1538462
76.76,87.42307692,985.8846154
76.88,87.07692308,985.6153846
77,86.73076923,985.3461538
77.12,86.38461538,985.0769231
77.24,86.03846154,984.8076923
77.36,85.69230769,984.5384615
77.48,85.34615385,984.2692308
77.6,85,984
78.1,81,984
79.6,79,984
80.2,77,984
78.3,90,984
75.3,89,985
73.7,94,986
73.1,95,986
72.5,95,987
72.3,95,988
70.5,93,988
69.4,94,988
68.8,93,989
68.3,95,989
67.9,94,989
66.7,91,989
65.7,92,989
64.5,93,990
62.5,93,990
62,94,991
61.9,95,992
62.4,93,992
62.7,91,993
63.3,88,993
63.2,90,993
62.9,88,992
63.5,88,992
63.3,89,992
63.2,89,993
62.8,92,993
62.6,91,993
62.1,94,994
61.8,95,994
61.7,95,995
61.7,95,995
61.6,96,995
61.5,96,995
61.3,96,995
61.3,96,994
61.1,96,994
61.1,96,994
60.8,96,994
60.5,96,995
60.2,96,995
60.2,96,995
60.8,96,996
61.7,95,996
62.5,94,996
63.2,93,996
63.4,94,995
64.6,92,995
64.2,94,994
64,95,994
63.4,95,994
63,95,995
63,95,996
63.1,96,995
63.2,95,996
63.5,95,996
63.5,95,996
63.4,96,995
63.3,96,995
63.3,96,994
63.3,96,994
63.4,96,994
63.5,96,994
63.6,96,995
63.7,96,996
64.2,96,996
64.4,96,996
64.8,96,996
65.1,96,996
65.5,96,996
67.2,90,995
68.8,86,995
69.5,87,995
67.7,89,995
66.8,91,996
65.8,92,996
65.8,91,996
65.6,93,997
65,93,997
64.3,92,997
63.8,93,997
63.8,91,996
63.5,92,996
63.2,92,996
62.7,94,996
62,95,996
61.4,95,997
61.3,95,997
61.3,95,997
61.4,95,998
61.8,94,998
62.3,94,998
62.9,91,998
64.2,87,998
63.6,89,997
63.6,86,997
64.1,84,997
64.3,83,997
64,83,997
63.6,84,997
63.2,84,998
63.1,85,998
62.8,86,998
62.7,87,997
62.6,84,997
62.5,84,997
62.2,82,997
61.9,81,997
61.4,79,997
61.2,81,997
60.9,80,997
60.2,80,997
59.4,83,997
59.8,78,997
62.1,76,997
63.6,72,997
65.9,67,997
68.1,68,996
69.8,62,996
70.9,62,995
72.2,61,995
72.8,63,994
72.3,66,995
69.3,76,995
66.3,81,995
63.9,89,995
63.3,86,995
62.6,88,995
61.9,89,996
60.6,92,996
59.2,93,996
58.2,93,995
57.3,93,995
56.3,94,995
56,94,995
55.9,94,995
55.4,95,996
57.2,92,996
60,86,996
62.9,83,996
65.3,79,995
66.1,79,995
68.1,74,994
69.8,69,994
70.8,69,993
70.5,71,993
69.9,74,993
68.4,83,993
64.5,91,993
63.3,87,993
64.8,83,993
63.2,76,993
62.3,74,993
61.3,77,993
59.3,84,993
56.4,89,992
55.4,89,992
54.4,90,992
54.7,87,992
55.1,86,992
55.6,85,992
57.7,81,993
62,71,993
67.3,56,993
71.2,49,992
73.9,46,991
75.3,38,991
75.7,44,990
75.8,43,989
75.9,45,989
75.3,50,989
70.1,63,989
67.9,63,989
66.9,65,990
66,76,990
61.6,80,991
61.1,70,991
60.6,70,992
58,75,992
56.2,83,992
55.5,66,992
55.7,70,993
53.9,65,993
53.3,68,994
52.4,70,994
54.2,60,995
58.5,51,995
62.6,36,995
64.5,35,995
66.4,35,994
67.9,34,994
68.7,33,993
69.6,31,992
69.3,33,992
67.8,42,992
62,64,992
56.7,75,993
52.6,85,993
50.7,79,994
55,64,994
54.3,74,995
50.2,77,994
49.9,75,994
49.1,74,994
49.3,80,994
47.6,78,994
47.1,83,994
46.3,84,995
46.5,83,996
49.1,72,996
54.6,61,996
58.6,49,996
60.7,44,996
63.1,40,995
65,42,994
66.5,36,993
67.5,34,993
67.7,38,993
67.1,45,993
61.2,71,993
54.7,78,993
53.6,77,993
53.1,82,994
52.7,77,993
54.7,72,993
55.1,67,993
55.4,68,993
54.5,69,993
54.5,70,993
53.4,75,993
52.7,78,993
51.4,78,993
51.3,80,994
54.8,67,994
61.4,54,995
65.7,50,994
70.1,47,994
73.5,43,994
76.6,43,993
78.4,41,992
79.7,39,992
79.7,41,992
78.1,51,992
73,54,992
71,58,993
69.4,58,993
69.6,55,994
68.8,56,994
67.5,59,994
64.3,75,995
61.8,75,995
60.9,79,995
59.1,86,995
56.6,91,995
55.8,94,996
55.7,93,996
55.3,94,996
57.8,86,997
66.9,59,997
74.2,44,997
77,45,996
78.6,46,996
80.5,47,995
81.7,45,994
81.9,45,994
81.8,47,994
80.7,52,994
75.5,67,994
71.6,68,994
71.2,71,994
71,65,995
71,66,995
70.6,69,995
68.6,73,994
67.9,74,994
67.1,78,994
65.7,82,994
64.4,85,994
63.6,86,995
63.8,86,995
63.6,88,995
64.6,81,996
68.4,76,996
73,67,996
77.3,61,995
80.2,54,995
82.6,46,994
84.1,43,993
84.5,43,993
84.4,46,993
82.1,55,993
76.2,61,994
74.5,66,994
73.8,66,994
72.5,70,995
71.6,70,995
70.6,74,994
69.1,77,994
68,79,994
67.1,82,994
64.9,89,994
62.4,93,994
61.3,94,994
60.9,95,995
61.4,96,995
62,96,995
63,96,995
65.2,82,995
69.3,75,995
72.4,68,994
74.8,64,993
74.8,73,993
72.5,72,992
72,73,992
70.6,78,992
67.4,84,992
65.2,85,992
63.6,87,992
62.5,92,992
61.6,94,992
60.6,95,990
60.3,95,990
60.1,96,989
60.1,96,989
60.4,96,988
60.6,96,987
61,96,987
61.3,96,986
61.1,96,987
60.7,96,987
60.5,96,987
61.1,96,987
63.4,96,986
65.5,85,985
66.7,81,985
68.2,76,985
69.1,72,985
70.2,71,985
69.4,76,985
66.7,82,986
65,73,987
64.3,65,988
61.1,63,989
58,63,989
56.1,63,989
54.1,61,990
52.3,66,990
49.7,72,990
46.3,88,990
44.9,89,990
45.2,79,991
45.9,81,990
45.8,82,991
48.4,69,992
53.8,60,993
56.5,58,993
59.9,49,993
62.9,47,993
64.4,41,992
66.3,34,992
66.9,38,991
67.3,39,991
65.3,51,991
58.7,69,992
54.2,78,992
52.7,81,992
52.8,65,992
54.3,69,992
52.7,81,992
49.8,87,991
48.4,89,991
47.5,93,991
46,94,990
45.1,95,990
45.2,95,989
46.1,94,989
47.2,92,988
48.2,92,988
50.9,86,988
52.6,84,987
54.4,81,986
56.9,78,985
58.3,79,984
58.1,79,983
57.3,85,983
55.5,69,983
51.5,65,983
50,62,983
49.6,59,983
48.8,61,983
47.9,67,983
47,66,982
46.5,64,982
46.3,61,982
46.5,58,982
46.5,57,982
46.3,58,981
44.4,65,981
42.4,70,982
41.6,67,982
40.9,68,983
41.9,63,984
45.4,54,984
48.7,50,984
51.5,45,984
54,40,984
55.2,35,983
56.3,37,983
55.5,44,984
54.8,47,984
54.1,50,985
53,54,986
51.1,53,987
50.5,54,988
48.7,58,988
47.8,62,989
47.5,65,989
46.5,69,989
45.4,72,990
44.9,73,991
44.4,77,991
43.4,78,992
43.7,76,993
43.3,80,994
43,77,995
45.6,68,996
49.6,60,997
52.7,52,997
55.6,51,998
57.5,43,997
59,40,997
59.6,42,997
58.8,42,997
59.5,39,997
58.6,53,998
52.4,70,999
50.3,59,999
50,65,1000
48.1,64,1001
46.7,67,1001
43.4,77,1001
42,81,1001
40.3,88,1002
38,77,1002
39.3,83,1002
37.3,86,1002
37.2,88,1002
36.5,87,1003
35.5,90,1003
38.8,76,1004
46.9,57,1005
51.3,45,1005
54,41,1004
56.3,41,1004
57.9,40,1002
58.4,38,1002
59.3,37,1002
59.2,37,1002
58,54,1002
51.3,75,1002
46.9,80,1002
44.9,84,1002
43,89,1003
42.8,87,1004
43.8,83,1004
42.9,86,1003
43.4,80,1003
43.3,81,1003
43.2,82,1002
43.5,86,1003
44.1,90,1003
43.7,90,1003
42.3,90,1003
42.1,89,1005
44.2,81,1005
49,72,1005
52.8,58,1005
55.5,54,1004
55.8,52,1004
55.5,49,1004
55.7,49,1004
55.1,45,1004
54.6,52,1004
51.1,60,1005
47.4,76,1005
43.8,84,1005
42,82,1005
40.6,88,1006
38.7,90,1006
37.9,92,1006
36.6,93,1006
35.2,95,1007
35.8,95,1006
35.2,94,1006
35.8,93,1007
34.3,94,1008
32.7,95,1008
36.4,88,1009
42.8,73,1009
48.5,54,1009
52.3,43,1009
54.5,41,1008
55.8,36,1007
56.6,34,1006
57.1,36,1006
57.1,37,1006
55.7,46,1006
50.4,65,1006
45.5,77,1006
42.4,81,1006
40.3,89,1007
40.3,87,1007
38.4,91,1008
37.4,93,1008
38.2,92,1008
38.7,87,1008
36.2,93,1007
35.9,93,1008
34.5,94,1008
33.8,94,1009
33.1,95,1010
35.9,91,1010
45,62,1010
51.6,47,1010
56.6,35,1010
61.4,28,1009
64.2,27,1008
66.9,26,1008
68.7,27,1008
69.7,28,1007
66,44,1007
58.6,57,1007
54.1,65,1008
51.8,74,1008
50.7,69,1008
52.2,53,1008
52.8,55,1008
47.7,82,1008
46.1,82,1008
45.4,78,1007
46.3,67,1007
44.9,82,1007
45.3,77,1007
42,83,1007
42.2,88,1007
43.5,84,1008
53,55,1008
61.2,46,1009
65.2,39,1008
68.7,31,1007
71.1,25,1006
72,25,1005
72.8,27,1005
72.4,26,1004
69.4,46,1004
61.3,57,1004
58.9,52,1004
59.5,51,1004
58.5,49,1004
57,52,1005
55.1,55,1004
54.2,54,1004
52.7,58,1003
51.7,64,1002
47.8,84,1002
43.6,88,1001
41.8,90,1001
41.7,89,1002
42.3,89,1002
45.3,80,1002
55.6,53,1002
61.5,52,1002
63,54,1002
64,55,1001
67.1,50,1000
69.7,48,998
70.1,49,998
69.3,54,997
66.2,63,997
63.4,67,997
60.2,77,997
59,77,997
60.5,75,997
59.7,80,996
56.8,89,996
54.8,89,996
53.4,94,996
52.6,92,995
53.5,88,995
54.5,84,996
54.3,82,996
55.4,70,997
55.5,67,998
54.2,58,1000
54.7,51,1002
57,44,1002
58.9,39,1002
60.7,34,1002
63,30,1001
64.5,31,1001
65.8,28,1001
66.1,27,1002
64,40,1003
55.7,63,1003
50.4,66,1004
50.3,64,1004
48.3,71,1005
45.8,75,1005
44.9,82,1005
42.9,87,1005
42.2,87,1005
39.8,92,1006
39.7,93,1006
38.7,94,1007
39.4,93,1006
38.1,93,1007
39.6,80,1008
47.1,61,1008
54.6,54,1009
58.7,46,1009
62.1,39,1009
63.9,33,1008
65.8,32,1007
67.6,31,1006
68.4,30,1005
68.6,31,1005
66.5,42,1004
60,56,1004
56.9,54,1004
55.9,58,1004
55.1,58,1004
56.6,50,1004
56.8,49,1003
55.8,52,1003
54.3,57,1003
53.6,57,1002
52.3,63,1002
50.8,63,1002
50.7,64,1002
49.2,71,1001
49.6,70,1001
51.5,63,1002
56.6,61,1002
61,55,1002
64.1,51,1002
67.8,44,1001
70.4,44,1000
72,44,999
73.1,45,999
73,46,999
70.9,53,1000
66.8,64,1000
63.9,67,1000
63,67,1000
62,68,1000
61.7,65,1000
62.5,65,1000
61.4,67,1000
60.1,70,1000
57.9,77,1000
56.1,81,1000
55.2,85,1000
54.5,85,1000
54.4,87,1000
54.2,88,1001
55.6,82,1002
59.6,73,1002
64.2,66,1002
68,58,1001
71.4,51,1001
73.3,47,1000
74.6,43,999
75,45,999
73.4,52,999
71.5,58,1000
67.7,66,1000
65.2,72,1000
64,70,1000
63.5,72,1000
62.6,72,1000
62.3,70,1000
62.7,70,1000
61.9,75,1000
59.5,81,1000
58.1,83,1000
56.6,86,1000
55.9,86,1000
56.4,84,1000
55.8,87,1000
57.2,80,1001
62.4,69,1002
65.6,66,1002
68.5,62,1001
70.6,57,1000
73.4,53,998
74.4,55,998
74.9,54,998
75.1,55,998
73.8,60,997
70.6,68,997
68.6,71,998
67.7,71,998
67.4,74,998
66.8,75,999
65.6,79,999
64.4,81,1000
63.4,84,1000
62.3,87,1000
61.3,89,1000
60.2,92,1001
57.7,94,1002
56.6,95,1003
55.9,95,1004
55.4,95,1005
59.9,62,1005
65,45,1005
68.2,39,1005
70.5,34,1005
72.7,30,1004
73.7,26,1003
74.2,26,1003
73.8,27,1003
71.1,28,1003
63.1,45,1004
58.4,62,1004
55.3,59,1004
55.7,67,1004
54.1,66,1004
53.8,62,1004
52.7,72,1004
51.4,75,1004
51.2,72,1004
49.5,83,1003
48.3,84,1003
46,90,1003
45,92,1003
44.9,93,1003
47.9,90,1004
55.9,63,1004
63.9,57,1004
68.1,48,1003
71.3,51,1002
72.8,45,1001
75.1,43,1001
76.4,44,1000
75.6,47,1000
73.3,58,1000
68.9,61,1000
67.5,63,1000
66.9,64,1000
67.4,62,1000
66.4,62,1000
65.6,65,1000
64.9,66,1000
64.7,68,1000
63.4,70,999
61.7,76,1000
58.8,84,1000
56.1,90,1000
55.3,88,999
55.6,86,1000
60.1,69,1000
64.8,64,1000
66.3,64,999
69.6,60,999
74.1,49,998
77.9,45,997
79.6,42,995
80.6,39,995
80.3,36,995
78.9,46,995
75.5,54,994
72.9,55,994
73,53,994
72.7,56,994
71.8,58,993
70.6,59,992
69.8,62,991
68.6,63,990
68.5,62,990
68.3,64,990
67.6,65,990
66.8,75,990
62.9,91,989
61.7,91,989
61.6,87,991
61.4,37,993
61.2,25,993
61.9,22,993
61.9,27,994
61.6,25,994
61,26,994
60.1,26,995
58.8,26,996
56.3,31,997
53,35,998
50.8,40,998
48.6,43,998
46.7,49,999
44.7,56,1000
41.5,68,1000
39,61,1001
41.7,55,1001
40.6,58,1001
38.8,72,1001
36.2,78,1001
33.9,89,1002
34.4,73,1002
33.6,90,1003
35.2,74,1003
43.2,55,1004
47.8,45,1004
51.4,38,1004
54.8,28,1003
57,24,1002
58.7,20,1001
60,20,1001
60.1,22,1002
57.5,34,1002
51.4,50,1002
46.1,61,1003
43.7,66,1003
42.1,74,1003
41.2,72,1004
41.6,74,1003
41.3,66,1003
40.7,79,1004
38.6,79,1004
38.1,84,1005
36.6,87,1005
35.2,89,1005
34.8,89,1005
34.1,92,1006
36.5,76,1006
47.8,64,1007
57.2,27,1008
60.9,26,1008
62.6,24,1007
64.2,23,1006
65.3,22,1006
65.8,22,1006
65.3,25,1006
62.7,31,1006
57.3,36,1006
55.4,36,1006
54.4,37,1006
53.5,40,1007
52.6,44,1007
51.4,47,1007
50.9,58,1007
49.5,68,1007
48.4,75,1007
47.9,78,1007
47.7,79,1007
47.8,82,1007
47.1,86,1007
48.7,88,1007
50.7,83,1008
55.5,75,1008
60.5,65,1008
65,57,1008
68.6,53,1007
70.8,47,1007
71.9,47,1006
72,47,1005
72,49,1005
70.6,57,1005
66.5,64,1005
64.4,69,1005
64.3,72,1005
63.6,77,1005
62.4,79,1006
61.6,82,1006
60.8,85,1006
60.2,86,1005
59.7,87,1005
59.2,89,1005
59.3,87,1005
59.7,86,1005
59.2,87,1006
59.4,87,1006
59.5,88,1007
62.6,76,1007
67.9,66,1007
71.4,61,1007
74,54,1006
75.7,49,1005
77,46,1005
76.8,51,1004
75.8,53,1004
73.5,56,1004
70.6,61,1005
68.8,64,1005
67.2,67,1005
66.4,74,1005
64.8,79,1006
63.6,83,1005
62.5,87,1005
61.8,91,1005
60.9,93,1005
60.7,94,1004
61.8,92,1004
62.5,92,1004
62.4,93,1005
62.4,93,1005
63,92,1005
65.8,84,1005
68.9,74,1005
70.9,74,1005
70.9,73,1005
72.3,65,1004
74.3,62,1003
74.4,62,1002
73.3,69,1002
72.3,64,1002
71.5,67,1002
70,76,1002
67.9,84,1002
67.2,83,1002
67.3,85,1002
65.9,86,1002
65.1,89,1002
64.6,90,1001
65.1,89,1001
65.4,90,1001
65.8,89,1000
66.1,89,1000
65.7,89,1000
65.4,86,999
66.5,82,1000
68.5,82,1000
69.6,83,1000
71.5,70,998
74.6,61,997
76.3,60,996
76.3,60,995
75.8,60,995
76.4,59,995
75.8,60,995
74.9,61,995
73.9,69,995
71.8,82,996
57.7,93,997
54.2,86,998
52.2,80,999
51.2,67,1000
49.7,53,1000
48.5,58,1001
45.9,53,1002
44.3,58,1001
42.8,55,1002
41.3,56,1002
39.5,58,1003
38.7,56,1005
40.3,51,1005
42.8,44,1006
44.7,42,1005
46.7,42,1005
48.4,37,1004
49.7,35,1004
50.3,29,1004
49.5,26,1004
47.5,32,1005
44.7,32,1005
42.3,34,1005
40.6,37,1006
39,38,1006
37.5,39,1007
36.2,42,1007
35.1,41,1007
34.5,44,1007
33.8,48,1008
32.4,55,1008
30.7,62,1007
29.6,62,1008
28.7,65,1009
27.8,69,1010
28.6,64,1010
32.2,50,1010
35.1,43,1010
37.4,43,1010
39.3,35,1009
41.9,31,1008
43.8,30,1007
44.9,28,1007
45.3,27,1007
43.9,36,1007
38.9,50,1008
35.7,54,1007
32.7,71,1008
32,68,1008
32.3,78,1007
30.2,80,1007
28.9,84,1007
28,86,1007
27.7,83,1007
27.2,87,1008
26.8,85,1007
26.9,88,1008
26.5,90,1008
26.1,90,1009
26.7,86,1009
35.4,58,1010
42.1,46,1010
47.2,27,1009
50.3,26,1009
52.1,24,1008
54.4,21,1008
55.3,21,1007
54.8,21,1007
52.3,28,1007
49,36,1007
44.7,45,1007
40.6,60,1007
38.5,62,1007
38,74,1008
36.4,73,1007
35.5,74,1007
36.6,76,1008
37.7,75,1006
38.5,77,1006
39.2,72,1006
40.4,73,1007
40.8,74,1006
40.4,74,1006
40.7,79,1007
43.6,66,1007
47.6,61,1007
49.6,59,1006
51.7,56,1006
54.2,50,1005
55.3,54,1004
55.6,56,1004
55.3,58,1003
54.7,63,1003
53.9,65,1003
53.5,72,1003
53,78,1003
51.5,88,1002
51.1,90,1002
50.5,94,1001
49.8,95,1001
49.8,95,1000
50.1,96,999
50.9,96,999
51,96,997
51.4,96,996
52.2,96,996
52.6,96,995
52.5,96,995
52.6,96,994
52.8,96,992
52.9,96,989
53.9,96,988
55.1,96,986
55,96,984
55.3,96,982
55.3,96,980
55.1,96,979
54.5,96,978
53.9,96,977
53.4,96,976
52.3,95,975
51.4,95,974
49.4,95,973
48.5,94,972
48.6,95,971
48.8,95,971
48.8,94,971
47.6,90,972
46.2,88,973
44.2,90,974
43.3,88,976
43.1,92,977
44,90,978
45.2,78,979
47.2,59,979
48.8,56,979
49.5,49,979
49,47,979
49.4,47,979
49,47,980
47.2,48,981
45.5,50,982
43.9,53,983
42.7,55,984
41.4,56,985
41.2,46,986
39.7,58,987
37.5,60,986
36,63,987
35.6,57,987
35.4,55,988
33.6,66,988
32.3,65,989
31.1,70,989
28.9,69,990
32.5,59,990
36.1,45,990
39.5,40,990
41.8,37,990
42.4,34,989
44.1,33,988
45.7,32,987
46.7,34,986
46.2,38,985
45.5,42,985
44,44,984
44.5,41,984
45.7,44,984
45.6,48,983
46,48,983
45.8,52,982
45.8,51,981
46.1,53,980
45.8,56,980
45.5,58,980
45,62,980
44.8,64,980
45.3,66,980
45.8,68,980
46.3,68,980
49.2,62,980
53,54,980
57,49,980
60.8,41,979
63.4,35,978
64.9,32,978
65.8,30,979
65.9,30,980
64.7,33,980
61.8,39,981
59.8,41,983
56.5,48,984
55,35,986
53.1,35,988
51.4,35,989
49.4,43,991
43.5,49,993
40.3,52,994
38.8,52,996
37.8,52,997
36.2,50,998
34.3,48,1000
33.3,49,1002
32.2,44,1002
33.9,37,1004
36,34,1005
36.7,38,1005
37.9,33,1005
39.9,29,1004
41.8,24,1004
43.5,22,1004
44,24,1004
41.8,20,1004
37,33,1006
34.6,50,1007
32.2,59,1007
31.1,65,1007
30.3,68,1007
29.4,73,1007
28.1,75,1007
28.7,69,1007
28.9,66,1007
28.4,63,1007
28.5,67,1006
26.7,82,1007
25.7,79,1007
25.7,82,1008
26.5,83,1008
30.5,70,1009
38.3,40,1009
42.6,33,1009
45.8,31,1008
47.5,32,1006
49.2,31,1006
50.1,32,1005
51,32,1005
50.2,40,1005
44.5,53,1005
41.4,60,1006
40.4,62,1005
37.8,75,1006
36,77,1006
34.1,79,1006
33.8,81,1006
32.6,85,1006
31.7,89,1005
31,88,1005
31.8,88,1004
31.9,83,1005
32.5,81,1004
32.5,77,1005
33.3,75,1005
38,69,1005
43.4,58,1005
46.8,57,1004
48.3,60,1004
48.3,80,1002
47.7,87,1003
47.6,92,1002
46.9,94,1002
46.3,94,1002
45.5,95,1002
44.6,95,1002
45.1,96,1001
48.4,96,1001
50.2,96,1002
49.8,96,1001
49.4,96,1001
49.6,96,1001
50.7,96,1001
50.9,96,1001
51.8,96,1000
52.8,96,1000
55.5,96,1000
57.4,96,1000
59.8,96,1000
61.3,97,1001
62.7,96,1001
63.5,96,1001
65.1,91,1000
65.8,92,999
65.7,93,998
67.1,89,998
67.9,83,998
68.1,81,998
67.4,83,998
67.2,89,999
64.7,93,998
64.6,92,998
64.3,92,998
63.9,90,998
64.6,84,998
64.1,86,997
64.4,86,997
64.1,85,996
64.1,84,995
64.4,83,995
64.8,83,995
65,85,995
65.1,90,995
64.3,94,995
64.6,93,995
65.1,92,994
65.9,91,993
66.5,92,992
66.3,93,991
66.7,91,991
66.7,93,990
66.2,92,990
66,94,991
64.8,90,992
60.3,90,992
58.4,93,992
58.4,94,992
58.3,74,993
57.7,75,993
55.9,83,993
52.8,89,993
50.1,94,993
48.3,95,993
48.1,95,993
46.2,95,994
47,80,995
47,77,996
48.6,74,996
51,65,996
53.9,58,996
56.3,55,995
57.9,54,994
59,52,994
59.8,52,994
59.7,51,994
57.9,57,994
54.3,71,995
52,65,995
50.8,67,996
49.2,64,996
47.8,63,996
46.9,66,996
46.2,62,996
45.1,71,996
44.7,77,996
45.1,80,996
44.2,73,995
42.6,70,996
41.6,72,996
41.1,72,996
40.5,73,996
40.2,73,996
40.7,68,996
43.2,63,995
45.2,56,994
47.7,55,992
48.9,55,991
48.9,61,991
50,63,990
48.8,70,990
46.6,76,990
45.4,78,990
44.4,86,990
43,88,990
43.9,87,991
43.8,86,991
42.8,78,991
41.1,78,992
40.3,65,992
39.8,68,993
38.9,63,992
38.9,56,993
39.5,54,994
39.1,59,995
38,59,995
39.8,52,996
42.2,43,996
43.9,35,996
45.3,29,996
46.3,27,995
47.5,26,995
48.7,24,995
48.4,25,996
47.2,24,996
45.1,28,997
42.5,34,998
40.7,36,998
38.7,38,999
36.4,51,1000
34.3,65,1000
32.7,66,1001
30.4,74,1000
31,76,1000
30.7,66,1000
29.3,82,1001
31.2,75,1002
32,78,1002
33.2,76,1002
33.1,79,1003
35.1,60,1004
39.4,43,1004
42.9,33,1003
45.8,33,1002
48.3,29,1001
49.4,31,1001
48.6,34,1001
46.8,37,1001
46.2,44,1000
45.2,43,1000
45,51,1000
42.6,65,999
42.4,68,998
42.9,68,998
43.6,72,997
43.5,81,996
44.6,84,994
45.5,85,994
47.6,85,993
47.5,85,992
49.8,81,992
50.9,80,993
51.6,83,994
50.1,81,993
51.5,80,993
53.5,79,994
55.4,79,993
58.9,68,993
62.7,62,993
65.6,56,992
67.3,56,992
67.3,60,993
66.2,65,994
62.8,73,994
61.6,79,995
59.2,89,996
57.5,94,996
57.9,94,996
57.6,90,997
52.3,88,997
49.9,93,997
49,93,997
49,95,998
48.1,94,997
45.3,94,998
43.9,94,997
42.5,94,998
41.2,93,997
40.3,93,996
40,93,998
39.6,94,996
38.9,94,996
38.6,94,995
38.4,94,993
38.4,94,994
38.1,94,992
37.7,93,993
37.5,94,993
36.6,94,993
36.2,94,992
35.9,94,993
34.8,94,994
34.4,94,993
34.8,94,994
34.3,93,996
34,93,996
34,93,997
34,92,996
33.8,93,998
33.6,93,998
32.5,95,999
31.6,95,1000
34,90,1001
37.1,72,1002
39.2,65,1003
40.8,59,1003
42,57,1002
43.2,55,1002
44,50,1002
44.3,48,1003
42.7,53,1003
38.7,73,1004
34.9,75,1005
33.5,85,1006
31.7,90,1006
30.6,91,1006
30.3,90,1007
29.6,92,1007
30.5,89,1006
28.8,93,1008
27.2,95,1009
27.5,95,1009
26.8,95,1009
26.9,96,1010
26.7,96,1010
26.8,96,1011
31,93,1012
37.6,78,1012
41.8,58,1012
44.1,47,1012
45.5,40,1011
46.8,40,1011
47.9,38,1011
48,39,1012
45.8,47,1012
41.9,57,1013
39.9,60,1014
38.1,68,1015
37.9,61,1015
36.9,64,1016
35.7,67,1015
34.9,67,1016
34.6,65,1015
34.1,65,1016
33.6,68,1016
33.1,67,1017
32.7,68,1017
31.1,67,1017
29.9,65,1018
29.4,64,1019
29.7,60,1019
31.3,53,1020
33.2,46,1018
36.1,44,1017
37.9,46,1016
38.6,47,1014
38.4,49,1013
37.9,51,1013
37.2,54,1012
36.8,58,1012
36.7,58,1012
36.6,59,1010
36.9,60,1009
37.1,65,1006
37.2,73,1005
37.6,80,1004
37.4,89,1002
37.8,93,1000
37.5,95,1000
35.1,95,1001
33.4,94,1001
32.8,95,1000
33.2,95,1000
34.3,96,1001
35.4,96,1001
37.1,94,1001
40.8,74,1001
43.6,65,1001
44.3,45,1000
45.1,44,1000
44.8,44,1001
44.6,43,1001
42.8,47,1002
39.9,52,1003
38,55,1004
37,58,1005
34.9,66,1004
32.4,71,1005
33.3,68,1005
31.3,82,1005
29.8,74,1004
29.1,75,1004
29.1,78,1003
28.3,82,1003
26.3,87,1003
25.2,88,1002
24.7,91,1003
25.1,87,1003
31.5,65,1003
36.8,58,1003
40.7,48,1002
42.7,47,1000
46,49,998
48.1,45,997
49.2,47,995
49.9,54,995
48.8,61,994
46.3,67,993
44.7,72,992
43.8,77,992
43.5,74,992
44.5,73,991
43.5,71,990
41.4,77,990
40.3,75,990
39.2,82,989
38.3,81,989
38,76,989
37.2,75,988
36.4,75,989
34.8,79,990
34.1,79,989
36.4,63,990
41.5,54,990
45.2,44,989
47.6,42,988
49.4,40,987
50.1,40,987
50.2,38,987
50,39,988
48.4,45,989
44.3,53,989
42.7,52,990
40,67,990
39.1,56,991
39.4,58,992
40.7,55,991
40.4,55,990
39.3,59,990
38.8,59,990
38.5,58,991
36.6,65,990
35.5,64,991
36.5,62,992
36.3,66,991
35.1,68,992
37.8,56,992
43.2,46,992
44.7,47,992
47.6,40,991
48.9,39,990
50.2,39,989
51.5,40,989
51.2,43,990
50.7,44,990
49,52,991
47.6,59,992
45,77,993
42.8,83,993
41.2,86,994
38.8,91,995
39.7,80,995
38,80,996
37.6,77,996
36.5,65,997
34.6,70,998
34.3,72,999
33.6,72,999
31.8,78,1001
30.6,79,1002
32.7,62,1002
34.2,57,1003
35.6,50,1003
36.7,49,1003
37.8,46,1003
38.8,45,1002
39.5,42,1003
39.8,42,1004
38.3,46,1004
35.3,51,1005
33.6,55,1006
31.5,56,1006
30.4,56,1006
30.6,52,1007
29.6,52,1008
28.4,53,1007
27.2,53,1008
26.4,53,1009
25.4,51,1008
24.6,54,1008
24.8,54,1009
24.5,55,1010
24,56,1010
24.3,58,1010
24.9,60,1011
26.5,54,1012
28.2,48,1012
28.9,50,1009
29.7,43,1010
30.7,38,1008
30.7,40,1009
30.7,40,1008
30.6,41,1008
30.4,46,1007
29.9,52,1007
30.1,53,1007
30.3,56,1006
30.4,62,1005
30.5,65,1005
30.6,66,1005
30.7,68,1004
30.8,68,1005
30.6,76,1004
30,77,1003
30.2,79,1002
30.5,86,1002
30.4,92,1002
31.3,94,1000
32.2,95,1000
32.9,96,999
34.7,96,997
37.4,95,994
40.1,96,992
42.5,96,991
44.4,96,991
45,96,989
45.2,96,989
45.4,96,988
45.5,96,987
46,96,986
50.1,96,985
47.1,96,986
42.1,96,985
41,96,986
37.6,97,987
36.5,97,988
36.9,97,989
36.8,96,989
36.3,96,991
36,96,992
34.6,96,993
34.1,96,994
35.8,85,995
39.3,72,996
43.1,59,997
45.8,44,997
47.9,43,997
48.9,46,997
49.5,42,997
49.4,40,998
48.3,48,999
44.5,57,1000
40.4,73,1001
38.8,70,1001
39.4,69,1002
38.8,78,1003
36.7,87,1004
37,75,1004
36.1,81,1005
34.3,79,1006
34.5,75,1007
35.5,72,1007
36.3,70,1008
37,66,1009
36.8,69,1010
36.6,71,1011
37.2,71,1011
38.6,63,1012
41.2,52,1013
42.5,44,1012
43.3,48,1011
43.2,47,1011
43.3,49,1011
43,52,1011
42.2,58,1011
40.7,64,1011
39.8,67,1011
39.6,70,1011
39.4,73,1012
39.3,74,1012
39,76,1012
38.6,77,1010
38.1,79,1010
36.9,88,1011
36.1,92,1010
36.2,93,1010
36.4,94,1010
36.4,95,1010
36.3,94,1010
36.3,93,1011
36.2,91,1011
36.3,91,1012
36.8,89,1011
37.2,88,1010
37.5,87,1010
38.3,86,1009
39.3,82,1009
39.5,80,1009
39.1,82,1009
37.6,86,1009
35.8,89,1010
34.9,91,1009
33.6,93,1008
32.5,94,1008
30.5,95,1008
29.8,96,1008
29.7,96,1006
29.8,96,1007
30.6,96,1007
30.5,97,1006
30.8,97,1006
30.7,97,1006
30.1,97,1005
29.2,97,1005
31.3,96,1005
36.3,85,1006
40.9,63,1006
44.8,56,1005
47.3,43,1004
48.7,36,1003
49,36,1003
48.5,42,1003
47.1,42,1004
43.7,46,1004
41.4,50,1005
39.3,53,1005
36.4,59,1006
35.3,57,1006
33.2,65,1005
32.1,63,1006
30.7,60,1005
30.2,63,1005
28.6,65,1005
28.5,68,1004
27.8,65,1004
26.9,66,1005
26.9,65,1005
26.9,60,1005
29.4,48,1006
31.7,41,1005
34.4,37,1005
37,32,1004
39.6,29,1003
41.9,24,1002
43.5,25,1002
44.2,26,1002
42.7,28,1002
38.4,38,1002
34.2,49,1003
32.9,37,1002
33.3,41,1002
33.9,32,1003
32.8,34,1002
31.5,37,1002
30.4,39,1003
29.6,40,1003
31,40,1004
30.6,40,1003
29.8,43,1004
28.6,44,1003
27.7,44,1004
26.9,46,1005
27.6,44,1006
30.3,41,1006
32.8,36,1005
35,32,1004
37.4,29,1003
39.2,31,1003
39.8,28,1003
40.3,26,1003
39.1,30,1003
34.8,36,1003
31.9,54,1003
29.7,61,1004
27.9,66,1003
27.6,70,1003
26.9,74,1004
26.1,67,1003
26.2,56,1004
28,57,1004
27.8,57,1004
27,54,1004
27.7,65,1004
26.8,61,1005
24.8,65,1005
26.2,62,1007
29.8,53,1007
34.8,46,1008
38.1,40,1007
41.1,34,1006
43.2,32,1005
45,30,1004
46.2,29,1004
47,28,1005
45.8,35,1004
40.4,50,1005
37,46,1005
36.9,47,1005
35.1,48,1004
36,48,1004
35.6,50,1004
35.5,51,1003
34.9,53,1003
35.4,52,1002
35.2,52,1003
35.8,48,1002
35.9,49,1001
34.7,53,1001
33.1,55,1002
32.2,56,1001
35.1,48,1002
40.1,36,1002
45.6,35,1002
49.1,31,1000
51.9,27,999
54.4,24,998
56.3,22,998
55.9,22,998
54.4,27,998
49.9,31,998
46.9,36,998
45.6,39,998
45.7,38,998
45.8,39,998
45.2,42,997
43.4,45,997
42,46,996
41.6,44,996
42,46,996
40.1,50,996
38.3,55,997
37.7,53,997
36.9,56,996
36,55,997
39.1,47,997
44.2,37,997
48.6,33,997
51.3,27,996
54.3,26,995
57.2,20,994
60.1,17,994
60.9,16,994
58,25,994
53.3,28,994
49.6,34,994
48,36,993
48.6,38,994
48.3,39,994
47,45,993
46.8,50,992
46.7,52,992
47.3,51,993
47.4,56,991
46.9,59,989
45.5,81,988
43.1,90,987
45.1,92,986
47.8,95,986
51.8,96,986
55.1,95,985
57.1,94,984
59.3,89,982
59.6,90,981
60.3,85,980
60.9,80,980
61.2,78,979
60.2,82,979
58.2,63,981
56.8,63,981
54.9,64,981
53.3,66,981
51.7,67,981
50.6,69,981
48.8,72,980
47.5,77,980
46.3,80,980
45.2,84,980
44.9,82,981
44.9,82,981
44.9,83,982
44.2,83,982
43.5,74,983
43.8,60,984
45,56,985
46.4,51,986
48.4,49,985
50,44,985
50.4,43,986
50.6,44,987
49.6,47,988
47.8,53,989
46.5,52,990
45.7,54,991
43.9,55,992
43.2,57,993
42.1,59,993
40.8,60,993
39.9,63,993
38.9,65,993
38.9,63,993
38.3,67,994
36.7,71,995
35.8,70,994
37,67,995
37.3,68,995
37.1,68,996
37.7,67,996
40.5,58,997
44.6,51,997
47.8,42,996
51.1,35,995
53.8,29,994
56.2,26,995
57.2,27,995
55.9,30,995
50.9,40,995
46.9,49,995
44.7,43,995
43.1,54,995
43.8,51,995
44.9,52,995
45.5,53,994
44.5,58,994
42.3,64,994
42.1,62,994
41.8,65,993
41.2,66,993
41.7,67,992
41.8,69,992
41.5,72,992
42.7,67,993
47.7,55,993
54.6,53,992
58.6,46,990
60.2,47,989
61.4,44,988
62.3,42,987
62,40,986
60.7,44,986
58.5,49,987
53.1,90,985
50.1,88,985
48.9,91,985
47.9,92,982
48.4,94,982
49.2,94,981
49.9,95,979
50.1,95,978
49.7,95,978
49.6,95,978
50.1,95,977
50.5,95,977
50.7,95,977
50.4,95,978
50.4,95,978
51,89,979
52.3,82,979
54.1,71,979
56.2,65,979
56.4,56,979
55.9,57,980
54.5,55,981
52.2,57,982
50.4,56,983
48.3,56,984
46.8,59,985
44.9,62,986
43.3,66,987
42.6,65,987
41.5,67,987
40.5,69,987
39.5,70,988
39.1,71,989
39.2,73,989
38,77,990
36.5,81,991
36.2,80,991
36.2,81,992
37.8,73,993
41.8,67,994
45.7,60,994
49.2,51,992
52.4,48,992
53.3,45,992
54.2,46,991
55.1,48,992
53.8,51,992
49.7,63,992
46.6,62,992
46.7,66,992
45.9,67,992
45.4,70,992
44.2,74,992
44.2,72,992
44.3,75,991
44,75,992
43.5,77,991
43.2,80,991
43.1,82,990
42.1,83,991
42.9,82,990
43.9,82,990
45,86,990
47.5,77,990
52.3,70,990
54.7,69,989
56.7,64,989
58.6,57,988
59.6,50,989
58.8,51,989
57.6,49,990
56,42,991
53.8,47,991
51.6,51,992
50.4,52,992
50,52,993
48.1,52,993
46.7,51,993
45.6,51,994