2.5488,9.505,9.1035,13.987,18.164,405.84
3.0592,10.31,13.476,15.925,22.942,486.55
3.02,0.31327,5.8514,11.74,2.64,215.13
0.83894,10.896,12.702,20.546,26.619,531.48
7.885,8.0126,6.3347,21.508,14.392,517.75
13.394,5.7082,20.024,17.272,22.673,840.52
5.1637,3.4958,9.0859,10.008,16.32,381.57
10.314,-0.036481,11.675,11.543,18.809,569.57
4.9526,10.321,10.737,24.653,14.351,489.75
4.5895,9.3219,14.336,8.7096,6.8381,320.98
-2.0371,2.6634,1.2491,20.877,8.5884,308.48
5.0168,6.809,10.528,17.977,8.9724,385.93
6.2294,2.5739,13.365,6.9237,19.916,430.04
0.7504,-1.2257,10.562,16.884,14.709,351.24
6.7297,13.007,2.7457,13.991,15.461,446.25
1.824,11.602,7.8837,14.227,18.245,404.44
10.427,16.485,10.533,13.827,12.84,591.77
13.463,-4.1069,10.605,16.676,12.033,674.95
2.9586,10.751,13.517,6.8067,18.471,386.74
7.8743,10.223,12.963,6.0846,14.411,448.1
5.6007,9.294,3.8307,14.288,14.877,406.72
11.164,8.636,10.037,18.316,18.337,671.52
4.2891,1.3689,20.211,12.976,20.739,460.68
2.8158,6.3193,10.99,15.547,15.291,390.44
-2.8305,8.7598,7.9539,18.71,22.405,470.31
3.5159,2.8896,8.6403,10.527,11.931,314.57
9.1244,-2.3158,9.7495,14.685,22.845,564.13
-1.2308,-0.33931,14.239,12.096,18.582,372.46
-2.4472,5.7204,15.822,20.578,14.042,426.87
2.5871,0.92103,11.22,10.183,20.455,378.51
10.927,9.7068,12.631,17.738,25.143,730.68
7.1286,2.7849,10.693,19.732,10.62,449.33
11.943,9.5066,10.801,4.7181,27.153,698.5
5.8817,4.3405,2.147,15.941,14.116,393.27
12.136,6.2648,10.587,20.153,22.428,758.22
4.2205,1.9168,8.3698,24.733,14.12,435.6
13.281,6.5451,10.816,7.352,19.531,706.4
5.6656,-1.1287,-0.36048,15.791,19.394,403.74
4.4467,6.6051,11.338,14.697,12.125,383.08
6.3926,2.5199,9.8723,6.7129,17.958,401.48
3.8702,2.8595,12.169,17.173,20.983,457.33
4.2702,16.198,1.3534,18.186,17.768,446.68
2.0728,6.9643,8.9755,11.023,23.681,419.96
18.053,8.5449,3.3284,22.953,20.797,1096.2
8.0631,2.6312,4.3373,18.149,18.68,510.92
13.1,9.3984,10.701,14.228,16.049,722.67
1.6356,3.0583,13.385,18.561,17.965,421.61
6.8315,11.327,9.0199,4.6215,20.278,446.97
-0.18043,10.07,15.579,13.682,20.391,438.32
-6.4157,3.6308,13.32,25.428,20.948,571.96
5.5706,9.6433,7.4945,17.411,19.421,482.57
3.9058,7.941,6.4711,17.384,11.666,373.46
-0.095243,1.4939,13.166,7.3076,13.718,297.11
15.304,12.022,13.097,12.415,15.814,851.56
-1.2314,12.908,11.686,18.277,11.523,389.54
9.2629,3.1246,2.7072,16.607,22.651,571.53
0.44271,8.4208,7.3704,19.295,9.2598,340.83
2.8353,4.5278,16.116,11.384,13.97,365.31
-4.1501,5.1956,8.218,17.111,23.451,475.3
9.3127,8.4627,10.9,12.91,23.163,604.75
8.2293,3.3546,9.1269,11.072,14.955,457.98
5.368,7.7296,10.619,12.864,21.043,467.37
6.1083,1.5919,3.9431,16.396,8.5792,350.99
0.7099,7.8163,5.2813,9.9703,16.315,329.47
3.4942,5.6573,16.307,7.8788,13.664,352.08
11.079,14.823,8.4479,10.904,16.352,616.19
4.0718,6.5979,7.6089,18.05,23.413,482.56
6.132,7.5877,9.4297,6.7789,17.793,410.25
3.6236,5.0812,11.651,12.468,18.267,404.16
2.0732,9.8396,7.0856,9.6341,23.323,410.13
4.7629,10.294,13.803,13.232,9.4475,378.68
-4.0666,-1.1144,5.3085,20.698,22.676,457.27
16.53,1.0699,10.512,19.432,16.605,933.83
4.4813,10.864,2.988,19.558,13.962,414.07
0.71938,9.9318,9.7733,18.112,17.387,419.21
-1.1747,0.64178,10.382,17.18,16.717,378.24
8.428,2.6754,16.236,17.363,20.07,577.54
3.9232,3.8463,12.938,7.6856,17.947,374.41
5.0178,3.5957,4.5367,13.599,17.954,399.14
8.6015,18.441,18.544,11.27,19.828,605.53
7.0483,-6.3847,2.0415,14.523,13.705,371.53
-7.4413,4.5121,9.7875,21.452,18.38,539.98
2.9691,3.7584,9.0349,17.622,20.955,438.51
3.8091,1.5712,7.7343,24.759,18.493,463.48
3.2189,5.2713,16.776,12.428,14.039,382.84
8.8715,6.9524,10.507,5.0284,14.874,456.67
1.868,7.3401,11.074,12.384,18.827,395.05
8.9331,0.17854,8.6224,19.849,19.472,567.07
-0.3512,-0.7615,10.489,18.139,14.915,361.98
-1.8868,6.8452,4.5124,11.632,15.923,336.78
-4.5753,-0.74766,16.143,12.998,11.396,360.73
5.6945,0.39209,15.268,21.295,13.314,456.67
14.205,7.982,4.9313,14.624,19.971,791.13
-2.1906,0.015537,16.303,20.157,19.099,447.33
5.9325,6.596,4.7453,19.26,7.1859,374.97
3.7208,-5.0428,15.945,12.337,18.421,387.27
9.6427,13.092,17.601,17.59,12.312,597.62
1.5779,9.6407,3.9835,15.975,26.231,461.42
4.1529,12.021,11.646,13.012,16.644,426.51
1.1709,6.3014,7.7506,13.288,14.094,338.74
-4.6016,9.4874,9.4706,12.689,12.25,376.17
3.4287,6.6714,5.1237,25.288,13.634,426.97
-6.7422,2.9836,8.6807,13.911,13.927,420.89
0.19906,8.4915,-1.1442,20.033,17.522,383.48
3.9507,13.813,2.7494,15.639,8.8528,343.86
3.2131,-2.928,7.8955,17.831,26.958,466.8
-1.4742,3.3266,6.3325,19.941,10.902,341.13
6.4208,7.9878,12.317,6.3501,9.1634,352.48
-2.2666,9.2824,12.585,18.846,11.998,395.41
9.4705,1.5789,6.4902,22.528,15.234,564.29
3.1724,7.7426,6.7248,8.4675,14.306,326.36
-2.1093,4.4428,5.6349,7.1745,26.208,393.96
4.5018,0.92117,14.797,21.365,22.296,511.14
13.327,7.8724,5.5539,21.778,11.715,721.65
1.8534,9.0137,6.4261,7.3592,9.4795,267.07
9.6241,7.213,5.24,9.4182,13.873,484.95
-0.89149,3.1756,1.6643,11.421,13.969,288.41
12.178,4.1616,1.6145,14.255,22.545,678.06
-1.2234,5.1937,8.7901,20.293,12.162,369.6
2.0282,3.7256,15.401,16.426,16.182,405.02
1.2347,-1.8234,5.7976,14.387,22.473,382.64
2.2069,9.5567,9.4741,9.8906,8.3348,291.17
1.4578,7.4455,6.1474,18.289,15.007,379.5
5.3951,4.4948,14.473,10.001,22.658,466.67
-3.6127,4.604,6.9399,10.814,11.329,311.9
0.59626,16.253,4.766,21.428,21.896,482.84
2.404,7.577,8.902,17.574,14.405,388.21
0.63167,3.9101,4.2109,13.526,20.525,371.67
-0.21836,4.5242,5.8316,8.2791,30.294,429.3
14.054,8.0059,14.665,13.613,15.026,771.95
-0.25794,10.05,14.827,12.061,18.847,410.95
4.5693,14.482,8.8082,18.147,14.535,447.33
10.414,7.5414,6.2907,22.397,11.306,586.84
0.54293,-4.7398,13.782,18.047,29.499,487.65
-4.0213,3.5129,6.887,21.511,18.704,450.23
6.2842,9.55,18.623,6.6927,11.286,400.66
2.1591,6.7651,5.3133,6.92,12.885,283.72
-3.1699,-5.8878,11.369,8.8946,12.201,281.07
-4.0543,10.322,14.846,22.5,18.041,507.79
5.8169,13.677,6.6125,12.213,6.5406,351.84
2.3876,1.1778,12.056,13.515,15.114,356.79
6.132,9.0865,3.5618,13.888,16.031,424.61
8.0085,7.7015,11.017,10.958,16.601,487.45
8.0552,4.2356,11.278,15.529,25.988,590.13
3.1019,9.3164,0.90863,11.189,13.146,315.99
-0.79536,-3.6948,8.0828,12.484,23.45,379.06
4.7459,6.8649,12.714,14.098,14.921,415.27
3.7295,-1.8948,9.2328,14.914,15.799,366.22
2.155,7.7099,5.8401,14.156,26.94,460.19
14.088,10.301,18.704,11.89,18.149,813.8
9.9401,5.0272,10.262,11.133,16.541,544.36
6.2492,8.7653,-2.3637,8.8277,11.887,332.43
6.8131,7.0599,8.9461,9.0595,21.441,471.04
1.6488,0.57693,17.771,14.885,17.244,399.42
-1.6178,1.2281,1.8499,18.118,16.61,353.94
3.938,6.5365,13.392,12.511,17.301,412.92
-0.19311,11.252,5.8391,20.007,11.153,365.71
14.07,13.375,7.7232,17.315,14.396,783.53
-2.766,0.098117,2.4253,19.653,14.03,350.12
-4.9383,8.6237,2.4636,20.148,18.258,453.89
4.1612,5.7453,6.6868,8.9526,18.335,371.82
0.80822,7.8652,17.992,15.002,19.393,441.6
9.0959,10.619,0.37911,16.789,5.7261,436.73
7.2197,5.1293,3.7996,12.071,14.594,415.57
12.003,14.018,12.223,12.919,19.78,714.18
2.9444,0.44922,9.1625,20.779,14.756,394.31
3.362,2.2237,14.776,14.443,12.153,363.03
7.6971,12.765,9.2691,17.62,18.609,551.09
5.513,7.8722,7.2702,18.811,18.633,476.68
7.9802,14.88,8.1963,17.041,18.918,561.89
10.904,11.768,7.6716,2.8333,17.573,550.84
6.7879,9.3972,9.1932,17.476,15.04,480.67
2.9508,4.0848,17.509,18.879,18.349,459.25
-0.0092978,11.156,15.64,15.947,15.017,410.86
-0.6548,7.282,17.027,14.19,24.247,471.98
8.1329,11.987,7.0408,20.873,15.777,550.36
1.1544,4.6307,10.912,8.1002,0.88462,195.53
-1.3752,0.40355,12.314,15.356,16.159,369.02
2.5619,-2.7066,14.763,13.337,19.707,394.32
4.689,16.249,13.599,17.676,21.26,530.36
2.4801,11.079,13.136,15.336,18.532,439.21
1.4993,18.489,7.9407,12.696,15.618,393.83
6.2931,2.0126,6.2436,10.782,14.77,382.3
2.5203,7.8716,12.413,17.278,16.965,424.77
-0.54165,2.6589,12.985,12.344,13.141,330
2.0666,2.724,7.9593,26.283,18.629,459.63
0.83713,9.582,9.7156,15.881,24.358,463.72
4.8546,6.1643,15.236,20.209,22.244,529.85
0.30315,6.996,5.0732,13.07,13.308,319.62
2.9028,2.1884,14.644,18.363,22.739,475.17
2.5978,6.5313,7.7935,20.648,16.737,422.98
0.14316,8.0978,11.379,13.482,15.928,374.26
7.4956,6.1344,-2.0078,17.186,14.747,439.69
3.9516,7.4901,5.1592,20.444,19.815,458.82
12.069,1.8102,12.565,17.155,23.396,735.32
7.4551,8.7253,17.728,11.684,17.031,509.66
10.623,8.2622,7.6729,15.646,14.367,584.82
-0.081904,4.5917,10.689,17.67,11.707,350.5
-2.0871,13.739,10.583,15.104,13.958,393.5
-2.5773,7.0582,1.8084,19.24,21.102,429.13
6.5869,10.822,-1.1685,14.508,6.9489,348.44
3.7378,8.1794,12.336,13.298,12.997,379.32
-3.9234,13.22,4.3538,9.7868,19.208,398.43
7.7703,-5.8816,7.4175,7.141,7.2524,310.23
9.3924,6.2688,-0.29699,15.763,21.593,560.56
1.1474,0.28629,8.629,6.5065,13.328,268.42
2.6223,5.3127,5.8446,19.348,14.778,385.29
3.7874,3.205,14.204,3.7416,12.516,301.31
-0.3238,1.5383,6.445,22.484,22.565,449.72
-1.3588,6.0889,12.886,8.2817,19.246,370.62
10.722,8.5833,6.1236,14.48,15.318,584.36
6.3331,14.65,9.6962,10.539,13.994,433.67
4.9244,5.6784,13.357,21.041,19.476,503.46
-1.5704,0.11518,11.285,13.482,13.978,333.41
-2.4299,12.024,2.3937,9.1296,12.651,306.01
8.9565,5.0948,11.533,3.9042,26.689,552.41
7.0818,3.9657,12.043,14.245,26.798,561.41
9.8147,5.6281,14.452,12.227,15.637,557.89
8.5626,3.8911,7.7517,10.426,8.28,403.05
-3.4865,5.6751,8.75,5.519,9.3345,268.16
2.8264,17.572,11.369,20.804,8.5397,408.75
-0.40991,12.696,10.344,13.356,8.1575,318.29
9.9494,3.6015,15.157,4.9181,22.761,571.53
8.0826,3.4525,5.4585,20.758,16.465,517.26
0.99309,7.5211,7.4323,17.415,16.936,393.56
13.855,3.8308,10.61,14.747,17.289,757.19
0.52813,2.2318,6.2238,18.144,14.307,350.56
1.1553,5.3224,7.3266,19.77,19.762,426.47
4.8768,10.464,14.502,15.521,17.614,470.74
-6.0892,6.2548,17.435,14.555,14.029,456.23
-1.0668,8.1112,5.0015,17.813,14.292,365.89
1.3778,2.5642,-1.2296,14.495,14.226,299.77
4.9061,6.3002,7.2742,3.5965,7.9637,263.22
2.2294,2.9108,12.328,14.185,12.903,347.88
7.1007,9.5155,4.9043,20.683,21.928,554.04
11.245,6.374,11.648,17.409,20.545,686.67
9.9375,9.4243,19.53,18.683,24.772,719.54
5.9578,13.565,11.356,12.904,16.523,465.26
-3.3689,5.5019,4.0382,14.418,14.727,353.92
6.5777,2.2335,11.692,13.144,14.138,422.62
4.4897,11.673,15.266,15.657,20.896,500.38
7.9465,13.397,9.9927,17.171,17.668,552.77
5.4972,4.1529,3.0606,10.769,19.465,399.28
9.6042,5.8219,7.6325,22.037,6.5092,509.8
3.7327,9.2705,7.5159,10.488,18.424,392.08
6.2528,7.7682,4.8531,17.355,17.588,464.97
0.90014,8.6607,16.235,20.105,15.576,438.87
0.81191,3.9023,18.814,11.381,15.478,372.37
4.8531,0.32784,7.4536,21.883,16.521,439.35
9.8747,-4.5161,27.306,15.996,21.634,653.31
-1.2841,5.2003,6.4603,12.279,19.696,372.14
3.6084,10.633,4.3993,12.208,8.5304,308.12
-0.094055,0.60781,13.722,13.851,14.684,348.68
4.4977,-2.6442,5.1692,18.217,17.972,400.96
1.8437,1.2039,1.0141,14.6,14.431,309.4
7.4076,-1.0255,-6.1991,15.789,24.357,469.03
5.6027,0.10307,15.722,12.801,21.079,465.73
-0.94548,6.1355,7.3273,8.9222,29.736,442.18
2.1022,4.5383,7.0262,19.066,14.254,375.94
8.4472,3.8839,11.036,22.462,19.425,590.35
4.7273,13.066,12.184,25.595,22.715,580.1
2.5247,0.12397,8.7911,22.557,11.724,372.71
-0.74265,2.5207,6.9187,19.513,18.532,400.89
7.1874,6.8975,8.9526,15.037,18.571,496.18
3.7813,3.4506,10.902,5.4885,15.5,326.58
3.2559,11.016,9.4705,12.483,20.563,431.56
6.9174,0.42589,4.3324,12.189,24.275,477.53
4.6833,4.0717,13.044,13.47,8.3048,343.7
4.4832,-6.4652,7.6859,12.564,10.61,295.07
0.21454,2.4532,11.262,20.714,15.269,396.78
2.6909,4.8274,8.7009,15.541,15.688,378.01
-3.7801,-0.28825,6.5598,9.7888,7.1041,251.78
1.6452,11.646,9.6979,17.306,17.255,422.77
3.5321,11.419,11.149,22.616,21.784,522.35
11.189,3.1775,3.8855,17.997,12.201,573.05
4.6418,3.0345,6.2796,11.288,16.203,366.12
6.4914,3.9107,8.3048,14.216,8.2338,368.61
2.7158,6.6893,10.945,21.401,14.391,422.09
12.992,3.3103,9.9094,11.846,28.383,783.52
4.8428,6.0451,16.287,11.038,12.459,386.49
1.6937,-0.81813,10.017,4.4154,24.183,353.49
6.4227,13.918,2.2381,17.933,20.567,510.43
-8.4485,8.0877,9.8874,17.536,13.82,518.78
-0.79664,10.317,8.8305,20.626,20.265,459.01
1.1672,0.86393,13.006,12.15,22.209,403.42
5.4026,3.085,15.801,13.412,22.513,488.87
6.6797,6.5448,7.0557,9.5528,20.674,454.69
2.3576,15.289,16.033,12.944,13.213,402.23
7.3553,0.090232,10.487,15.665,22.192,518.73
1.9469,0.35578,8.4795,17.785,11.354,331.79
12.613,10.633,15.116,20.91,20.462,803.34
3.2206,7.9156,13.817,16.522,8.5411,360.14
2.4751,2.9971,18.75,11.601,10.658,339.29
4.7354,12.354,11.87,14.952,14.846,436.3
3.0495,7.1174,7.3971,17.179,15.408,393.6
-4.2528,4.1687,10.504,20.604,16.088,442.01
8.118,5.4829,11.893,13.32,16.959,505.61
2.0775,0.15992,10.363,22.531,26.856,506.54
-1.9597,7.7211,-2.005,14.982,12.662,308.51
3.2293,6.5118,3.8621,8.4118,6.4395,242.41
7.5974,3.8811,7.4096,15.162,17.625,483.91
-1.4757,12.87,11.393,19.852,11.63,401.08
4.9669,4.0059,7.0968,14.151,16.409,400.13
4.008,5.7095,0.83041,16.699,12.886,350.5
-0.25444,-0.51758,11.013,15.751,18.56,380.45
5.8334,5.0992,11.038,18.664,12.781,437.23
3.3775,14.479,7.3637,17.724,20.521,471.97
-0.58064,4.7898,8.5935,10.88,16.16,336.45
1.9962,8.2904,13.189,15.9,13.682,386.82
6.2451,5.4392,4.6758,14.25,16.109,422.01
3.2496,9.6718,16.363,12.273,16.389,416.63
-1.0614,7.8706,14.845,13.525,17.558,404.02
16.057,-4.6521,2.9049,14.803,30.675,943.65
9.8724,2.1858,6.8756,17.262,14.002,537.21
5.817,9.7373,15.534,15.637,17.457,491.66
-9.0973,12.582,8.275,17.063,19.266,595.06
-0.17469,11.128,8.8942,11.732,16.217,365.81
3.8268,5.7419,14.947,22.558,15.566,467.22
6.5259,3.83,3.4132,13.376,14.099,394.96
5.7969,6.0806,4.6496,11.148,7.82,320.46
6.3061,5.2199,3.9429,18.36,19.742,479.11
-2.4691,13.502,11.376,23.63,20.794,516.22
0.98464,5.352,-1.7226,16.336,14.548,321.05
4.1605,0.65969,25.339,10.617,15.107,411.68
1.7489,4.4361,10.5,16.358,20.718,424.8
8.6431,12.971,5.3419,23.75,15.092,577.44
12.576,8.0449,17.479,11.979,25.665,786.86
2.4257,3.552,5.4606,10.232,8.6543,260.82
-2.1613,9.72,5.3862,15.102,18.108,395.1
8.5027,11.304,10.511,25.702,18.384,629.26
1.9936,8.7093,8.0844,20.509,11.344,378.52
3.508,7.1412,9.3016,18.615,17.23,432.82
4.972,12.536,9.4498,12.176,12.131,389.47
2.3789,1.8833,12.353,22.99,15.905,431.13
-1.4417,1.0592,10.553,9.7981,13.202,301.47
7.3164,12.113,12.592,22.556,16.781,568.11
2.1691,2.3421,6.1068,19.275,14.626,369.65
-0.34752,3.2684,10.972,21.771,15.766,410.11
-2.2773,8.7276,13.496,15.087,13.591,385.72
10.613,3.0429,15.673,14.48,19.656,636.11
12.886,-3.2687,10.505,15.568,8.4031,608.31
9.243,4.5818,11.802,12.205,23.702,591.95
10.666,6.073,4.7,16.909,15.607,586.23
10.389,8.4626,11.795,11.524,18.157,597.51
5.7899,-2.0365,12.96,18.287,11.486,404.78
6.1563,9.9099,18.221,17.335,15.524,505.74
1.2923,5.5389,1.6193,13.083,10.685,280.99
13.366,3.9017,11.902,18.279,20.231,785.6
-5.4049,21.814,2.6773,14.633,12.868,427.15
1.7305,18.782,14.615,12.836,20.305,464.84
0.62818,8.2239,14.465,16.11,14.54,393.46
4.4269,5.705,8.8652,14.432,18.209,420.76
4.05,0.32244,11.744,20.994,17.936,448.68
8.8046,5.0745,6.8364,16.169,16.75,524.31
-3.8142,7.2271,4.0216,19.449,20.293,448.66
3.9552,16.09,11.82,22.789,16.223,500.7
-1.6769,4.0582,1.6914,14.755,22.153,389.32
-1.2869,7.0341,6.8323,12.877,16.862,359.54
3.0196,9.9835,4.6302,13.579,17.52,386.44
0.57495,8.3044,7.4301,14.266,14.815,355.37
2.4353,1.5437,-0.018887,24.497,3.7381,285.13
9.8762,7.1469,6.3532,18.612,15.349,573.72
0.33938,12.946,9.4782,17.363,10.292,361.17
2.8624,8.1903,11.723,17.578,15.251,413.89
7.678,5.8705,7.8905,22.267,15.868,527.94
10.908,-9.0532,10.506,20.989,15.626,593.77
2.2004,6.1444,13.538,19.865,17.471,441.98
0.23135,10.574,6.5811,10.305,17.802,358.78
-3.2016,6.8752,5.919,13.532,16.236,371.32
3.7667,-4.365,0.94363,19.011,14.319,339.47
-2.3418,6.9445,4.7688,14.899,11.395,324.6
4.4252,1.3925,-0.10849,16.823,17.979,383.52
5.6339,0.39691,11.465,12.991,11.66,369.73
8.532,6.7118,9.9768,18.383,18.507,563.55
-3.4143,3.9727,10.54,15.685,18.928,420.27
5.1457,9.0865,15.999,16.972,14.782,462.34
3.6679,4.9639,18.02,12.776,21.422,459.45
1.9278,11.745,12.634,10.246,24.088,448.79
-0.15391,6.9242,6.5529,13.631,14.987,343.56
6.0675,7.0605,12.793,10.614,17.76,445.86
3.5121,8.9529,3.1671,11.244,11.161,312.24
12.537,2.0364,14.611,13.807,13.067,654.78
3.4987,8.6082,7.4635,15.143,23.756,463.91
-0.91846,2.7681,10.947,14.302,22.299,416.18
5.0549,11.467,11.673,23.628,14.184,491.25
5.905,8.3775,10.775,12.327,13.497,413.04
3.9022,1.4067,1.4774,9.9606,15.762,315.77
8.8835,5.3674,24.055,10.167,14.727,539.14
8.6478,5.8599,12.094,12.811,9.1525,454.03
5.202,5.0115,0.4434,13.722,13.469,353.3
9.9218,0.38495,8.819,10.956,12.042,481.01
-2.2191,3.6205,8.5127,14.78,13.433,343.61
9.2154,9.7064,7.9251,13.661,6.4853,453.61
8.6251,1.7569,8.3885,1.3591,21.483,453.92
6.1251,-1.1744,6.7377,16.828,21.065,464.32
-0.69322,11.119,2.967,16.61,25.634,457.7
7.2258,5.3024,7.0304,14.109,19.992,490.01
-0.42773,6.5727,12.814,16.766,12.931,370.97
9.8049,5.2169,5.0163,11.747,20.602,558.16
11.179,6.4964,9.9666,15.781,20.422,665.39
-0.47772,8.764,7.8218,15.239,18.277,395.05
4.878,-0.19656,7.0071,21.078,16.979,434.74
-0.083676,13.014,6.1674,13.879,7.029,296.06
-0.79727,5.4834,21.048,13.542,18.725,429.71
6.9164,3.9416,15.762,8.9334,14.972,432.97
2.672,4.9486,6.8802,16.119,19.335,406.55
-4.9671,10.433,1.5643,20.99,22.969,503.94
-2.2236,4.8266,11.684,14.462,15.332,375.05
10.545,0.43594,6.2919,20.807,17.725,612.2
6.7281,4.7495,13.611,15.103,12.343,440.81
4.6697,8.8473,19.606,16.92,13.751,457.37
-2.2721,7.4689,10.99,18.319,7.9257,343.63
6.3262,-0.70879,14.796,20.878,16.37,489.71
9.1033,3.4547,4.8233,21.919,18.582,575.77
-2.1319,3.134,14.954,13.876,16.914,391.17
11.081,8.3634,4.3605,22.348,14.011,633.68
3.9664,7.9864,5.3036,20.969,25.892,517.8
1.678,2.8884,11.429,12.166,16.215,355.13
-0.14714,1.5506,7.786,21.454,13.119,365.86
5.6858,4.204,12.123,14.719,16.052,436.92
5.0121,1.2481,12.708,11.077,11.773,352.69
-3.5009,4.0163,17.208,19.206,19.583,477.77
5.7111,0.61717,5.5263,10.617,14.763,359.43
-2.0717,11.966,8.7198,14.982,21.997,448.73
-5.6861,11.108,9.0496,13.923,15.251,436.8
0.49077,18.959,2.5831,16.179,15.337,391.05
-5.2253,-0.093386,9.621,22.16,20.777,492.89
4.811,7.4211,7.6018,8.6934,21.78,421.23
-9.8383,2.7096,15.442,17.167,20.579,628.69
1.4477,1.2791,8.4716,19.307,18.271,402.12
3.7821,9.2003,24.711,20.951,13.056,485.33
12.671,11.561,10.509,16.788,9.2927,666.13
13.933,2.8713,12.169,17.616,17.516,785.62
9.654,4.4227,13.515,11.149,23.471,604.54
0.23713,-0.87854,4.3035,18.749,19.481,380.45
1.3693,5.2652,6.764,15.959,10.029,314.72
5.4496,4.7332,4.9466,13.687,13.743,377.75
-2.4619,3.1396,6.387,16.595,11.846,334.06
-1.4651,1.1315,8.4822,19.982,7.8063,315.24
-4.0024,1.8318,8.5124,10.442,15.811,350.73
-0.14892,-3.005,10.247,12.815,9.5232,270.05
7.3681,6.3546,14.312,15.922,16.025,504.78
8.8307,5.1017,9.6956,8.9481,8.0677,412.59
-2.0435,8.5798,17.062,5.5332,16.423,357.77
4.8075,8.8747,12.36,21.118,15.321,472.94
6.9338,1.8675,10.701,12.508,18.928,464.28
-3.7869,11.016,8.3241,8.5935,20.222,405.21
3.8884,4.4383,7.8903,10.669,18.085,377.03
1.8443,9.9134,8.3805,15.384,15.741,386.59
0.20071,3.8282,5.6264,15.659,24.558,425.81
3.7864,8.3076,8.1694,8.8741,20.402,398.42
4.48,0.93832,12.42,14.366,22.801,458.52
3.6576,8.3486,1.6964,10.432,22.843,402.43
-1.8214,1.9025,8.3208,16.085,15.301,358.6
2.8896,6.7587,0.2972,14.439,13.748,329.06
7.2327,5.3026,11.873,12.302,22.889,522.67
4.3499,4.4107,8.2046,12.251,14.309,363.54
-0.71358,5.8151,12.127,13.107,16.343,371.21
-0.21064,7.429,12.181,15.986,15.217,385.84
2.4212,-0.05114,13.024,13.176,19.827,395.35
1.9725,6.9928,7.4068,12.701,20.237,394.31
3.6018,1.2812,4.6416,10.409,19.285,357.21
-2.5379,6.2073,17.957,25.867,13.543,469.36
9.561,5.2133,5.5802,12.477,11.357,475.53
5.652,0.62809,12.54,12.359,20.036,443.88
0.45471,6.2202,10.82,13.593,10.72,321.15
3.2781,7.9387,11.269,15.321,19.635,439.17
3.9311,6.4185,9.9398,13.746,9.5846,339.73
2.8313,3.7139,-3.5915,10.207,13.735,273.35
-3.3576,11.193,14.398,18.983,11.534,418.53
0.44824,7.2468,5.0793,14.088,9.3029,292.77
-1.9665,9.4765,7.5693,20.824,21.783,471.93
-0.79988,7.2922,7.1443,15.839,20.396,410.4
2.2358,8.5383,2.0597,10.871,20.384,369.5
3.7265,12.073,17.382,17.76,21.312,515.64
-0.070413,-0.39299,18.018,14.451,15.803,376.12
2.0153,7.8501,11.508,16.857,2.4818,287.67
-1.8813,-2.9778,13.662,10.447,19.174,358.83
1.1914,3.3282,7.1363,15.132,19.506,385.32
13.625,4.951,12.632,14.417,18.151,762
10.057,6.1475,6.2436,10.159,13.234,501.52
3.5101,8.598,19.278,9.416,11.322,364.65
2.8922,8.3281,10.689,12.486,16.281,385.23
9.0353,4.9457,9.4097,5.4007,18.898,488.47
7.6556,2.5259,9.2753,14.05,19.153,494.14
4.2756,13.314,17.378,15.602,13.87,449.47
7.3047,8.0348,4.6616,11.512,19.406,469.89
-5.2681,5.3818,13.406,13.972,15.385,426.33
-6.5788,-0.89264,15.545,16.703,18.721,490.85
5.0978,14.981,3.8642,17.6,19.059,475.09
-1.1542,9.3865,3.0809,14.93,20.293,395.89
6.4209,9.3789,15.874,13.725,15.15,473.46
1.6473,8.6611,11.307,15.458,17.661,409.72
2.7841,-1.4577,5.0903,6.2458,13.474,260.31
2.405,4.7582,4.0824,11.394,18.51,352.96
4.8001,-2.4627,14.239,13.397,11.204,352.2
7.5936,0.89994,15.543,7.5534,10.684,394.17
2.2641,6.3119,13.831,7.4849,21.613,396.94
10.216,6.2453,9.6914,11.968,17.47,571.12
6.3172,2.5484,12.313,9.5272,17.113,421.08
11.245,2.1033,14.416,20.146,4.3438,560.09
14.577,-5.5002,7.6378,16.356,19.569,783.47
1.2215,10.49,-0.2026,19.128,14.261,362.77
2.8532,-3.7681,20.938,15.65,15.333,395.97
-1.1348,4.27,11.772,13.449,8.9857,304.12
10.854,7.0698,4.7461,14.181,15.065,574.89
10.42,6.4474,10.022,16.906,15.847,600.67
0.76954,-3.1845,10.967,4.2635,17.608,286.15
0.95502,13.44,3.3259,7.5352,15.961,322.94
-2.9361,9.1971,12.201,17.668,18.422,448.43
6.2191,3.471,7.95,12.421,4.1258,310.92
8.0971,6.4513,8.1505,15.726,11.985,466.3
2.8609,6.2456,20.065,10.168,19.379,426.41
4.7972,4.8026,7.4752,13.544,19.703,425.77
-2.9025,9.8879,14.27,9.8957,15.275,379.05
1.098,5.1248,7.9765,14.208,19.562,388.91
1.5588,7.1939,0.29456,7.5129,18.948,317.42
5.9334,2.2154,7.8469,16.736,14.228,416.13
-0.71817,5.6901,5.0342,7.4774,19.652,333.18
7.7069,10.339,11.819,14.732,21.325,557.16
5.6211,4.536,7.2071,8.5463,17.294,386.15
5.4605,4.3735,7.7928,22.474,16.016,467.11
5.7302,12.925,8.2573,17.704,22.753,531.82
-0.1508,-3.8832,6.1589,16.377,20.468,369.75
-1.3094,9.0414,5.4756,5.1354,18.764,325.73
6.6531,6.4992,11.539,18.921,12.327,462.31
3.0776,4.935,11.874,13.438,11.649,346.23
8.6451,14.787,9.0073,23.292,17.95,620.45
5.8589,2.2093,10.242,19.695,9.1801,399.99
-2.1256,8.8557,10.962,13.365,11.171,342.03
1.7405,9.0814,13.096,12.348,20.809,425.44
7.1365,7.3327,14.128,19.792,17.498,539.74
9.4094,7.5418,12.415,18.118,15.053,575.67
-4.6203,6.0595,6.1709,16.596,26.308,499.73
1.3857,6.2007,12.648,13.3,13.275,352.07
10.553,5.9803,9.309,19.875,14.677,611.51
-1.2288,14.737,5.6358,16.489,18.843,423.4
1.4021,3.0758,8.149,20.899,21.026,441.64
0.61825,3.012,16.534,21.137,14.409,415.94
0.54232,0.1029,7.8048,9.3078,23.622,370.87
-1.3603,1.2354,9.2502,16.563,19.493,396.74
1.6688,3.4898,7.6514,11.634,17.377,348.58
4.8871,-4.1433,19.509,17.389,26.113,525.64
-2.2486,1.7406,5.0079,6.8388,21.887,343.19
3.3327,-5.8919,10.042,19.18,13.425,357.78
1.4587,5.4124,11.431,13.493,23.361,433.85
4.9843,5.1876,6.6364,16.356,14.38,400.03
5.6475,0.8692,4.3253,13.346,15.72,380.79
6.5807,-5.1091,8.987,21.252,24.956,534.5
3.9291,8.3206,7.5057,14.631,23.416,462.99
0.8127,6.1405,15.619,17.289,14.63,399.94
3.5002,10.746,5.2906,17.66,18.42,433.35
3.6993,1.817,4.4147,16.045,13.388,346.29
4.1361,1.5437,5.1154,25.554,27.537,542.08
2.0579,1.6702,6.3256,11.952,23.681,396.66
5.5261,6.7585,17.024,19.916,19.907,530.66
4.3169,13.948,1.6852,11.49,25.137,459.8
2.471,2.803,6.1199,14.845,25.66,440.28
5.8745,12.082,9.2965,15.877,7.86,394.43
-1.7841,5.4653,21.349,9.4802,7.9869,315.12
2.2742,11.238,10.494,15.981,17.339,421.2
-1.7948,15.315,12.202,14.236,19.384,444.71
3.8469,6.7997,10.664,11.954,16.525,391
-0.59093,6.1311,5.2837,12.08,7.0067,256.41
3.029,11.902,3.694,11.49,16.457,366.3
2.484,20.138,10.517,18.776,20.481,501.08
8.6971,3.5421,11.091,12.629,23.057,563.22
4.1723,12.681,9.459,8.2262,12.717,353.99
6.858,3.8659,11.273,8.53,23.318,482.99
0.59811,-0.38701,16.481,18.367,14.258,383.62
-4.7574,14.224,5.5217,17.141,12.474,412
3.9085,14.029,10.603,10.672,22.652,462.07
0.13645,1.098,3.7073,15.595,22.467,389.74
1.9988,4.321,9.5016,16.994,15.174,378.29
-1.1681,7.1116,13.756,10.614,21.464,411.8
5.1891,8.7563,20.185,11.122,17.378,462.02
-2.0003,4.8249,7.6694,23.957,14.437,413.25
5.5323,14.381,18.917,11.691,11.318,435.33
9.3424,9.2571,9.1262,16.974,8.5727,502
-0.2691,9.6634,3.3046,11.095,13.637,311.52
1.7457,7.6937,7.1717,16.669,12.366,352.43
0.27083,6.0206,7.9255,12.907,16.488,354.13
-4.1292,12.484,14.08,6.2314,10.606,339.32
5.8255,4.231,1.4117,11.937,14.82,367.78
6.3258,2.2311,7.4168,9.1583,18.09,406.54
-3.2312,6.6099,7.6925,20.751,11.916,388.93
9.6791,5.2812,8.2804,14.826,18.913,572.67
8.742,3.5109,6.872,14.243,17.192,507.58
5.1676,7.9307,10.835,17.949,15.519,450.96
3.6664,3.8363,5.2915,8.4625,16.927,336.2
4.6536,3.7437,7.7774,16.022,23.859,473.38
9.4353,-2.4242,9.2275,18.403,24.097,609.04
-0.70931,6.9877,5.1011,14.719,18.526,377.03
-0.35297,4.0419,11.641,21.041,12.543,382.59
0.41948,-2.1984,9.907,13.967,13.489,314.12
2.2457,0.86974,1.8446,12.542,17.163,324.7
3.5309,4.4205,2.8846,24.368,15.158,418.46
8.5943,2.6528,6.2748,24.834,19.749,590.66
9.6164,7.6431,18.503,17.561,11.617,574.61
3.0336,11.724,12.735,16.936,10.357,385.61
2.5301,6.2701,12.34,13.728,16.909,394.47
3.4666,7.9627,4.7438,15.785,16.684,393.06
3.8226,7.0329,14.841,17.027,15.482,433.32
10.122,10.227,11.395,15.295,22.912,658.08
3.3115,12.122,7.2166,5.2652,7.9844,269.11
8.6944,3.093,10.769,19.17,11.634,504.92
1.7442,5.8717,15.169,14.362,15.422,389.08
7.8247,8.459,17.165,11.679,14.752,497.8
6.4383,3.5776,9.8466,12.842,17.39,442.65
6.0479,9.255,10.753,13.358,21.515,496.17
5.883,8.8272,0.33146,8.4751,10.634,321.37
8.6648,6.3357,17.575,15.665,15.73,554.75
8.9275,2.9516,6.249,11.69,13.596,461.11
9.4148,1.1073,5.3553,14.35,6.1928,422.21
-0.661,11.089,5.8396,9.8375,14.684,328.12
-0.92811,0.32953,3.4936,20.778,19.613,397.91
6.4468,14.571,0.19319,10.483,22.869,475
-7.9554,5.0076,17.285,7.8307,14.644,463.24
2.6499,2.4565,16.716,14.189,22.42,450.76
6.7287,3.2323,10.875,19.621,21.792,537.11
3.475,2.8433,9.9933,11.017,8.8336,295.61
8.5216,9.2505,11.344,18.446,9.6492,501.07
9.4476,17.173,3.625,8.3301,11.886,482.57
3.5051,3.851,16.2,11.331,16.236,391.02
1.0643,3.4531,13.272,21.192,20.526,459.51
-1.7526,16.399,8.5676,20.265,15.078,436.84
10.233,1.2241,10.488,11.66,13.85,523.6
4.339,9.9023,15.106,3.5789,20.978,410.15
11.068,2.7622,10.517,12.932,20.615,631.91
2.7186,-2.2997,6.6626,13.05,22.347,385.95
4.9895,13.471,7.5763,9.6645,19.511,432.91
12.246,12.12,10.032,21.939,10.728,692.38
-2.6612,6.7782,10.809,13.12,12.81,351.73
3.6683,13.969,10.223,10.218,19.942,430.08
8.6834,11.878,9.7761,19.113,13.379,546.59
8.2549,5.8068,7.3373,14.728,14.085,477.41
8.474,11.447,8.8974,18.159,19.257,579.11
-3.2117,5.0745,6.2667,18.196,10.925,351.67
0.48253,6.484,14.298,11.384,14.94,357.93
3.1635,0.88734,11.51,21.565,14.829,413.87
6.4174,0.58639,7.8034,12.078,7.7519,334.29
8.3644,1.5652,13.33,12.535,13.758,472.37
10.064,3.0411,13.318,10.688,26.984,642.35
-0.68635,4.2206,-0.89995,5.7107,13.159,235.67
9.6874,9.7638,9.8788,20.127,19.137,633
9.2655,-1.0998,7.572,26.335,19.63,615.38
0.055619,7.8177,5.719,19.939,15.097,386.8
4.2926,9.6802,5.3511,13.445,19.248,420.86
2.8309,-1.8171,8.5269,11.294,23.056,390.72
6.5224,2.1428,5.8213,15.261,11.042,384.64
6.9185,6.8488,3.5602,9.9816,18.343,430.81
-1.6987,5.2153,11.585,8.0393,17.83,350.41
7.5915,8.3623,11.412,14.852,19.668,531.4
14.483,2.5727,13.388,10.239,18.214,776.83
9.0036,1.3419,12.858,17.354,18.53,565.7
-0.092869,12.713,6.7296,20.349,12.095,384.92
4.4994,-0.91922,4.366,10.828,5.9639,249.64
0.40089,-2.1165,4.2971,19.668,12.42,320.99
-0.20747,8.7243,10.803,10.884,17.216,367.93
3.7724,7.2634,15.903,17.546,15.558,441.8
2.2838,5.1915,3.6212,14.879,13.806,334.07
1.5731,6.1756,9.521,11.671,22.07,406.08
4.4289,7.7253,7.1844,19.667,7.7641,365.63
9.0031,1.6455,17.701,15.409,19.133,578.32
1.2693,4.3935,4.9319,14.583,15.195,339.44
7.122,0.39871,14.097,11.878,15.846,446.87
-1.3269,8.7484,10.81,17.745,11.418,367.23
8.1579,0.25615,17.522,11.517,19.23,518.51
0.47773,8.8207,14.714,15.691,18.28,425.96
9.8976,8.3669,16.214,3.4986,11.09,479.56
3.5008,9.5004,5.9798,13.895,14.419,371.52
10.821,9.9619,11.459,18.038,12.247,612.13
3.9496,2.9252,10.103,14.506,14.59,376.93
-3.4048,17.663,6.607,25.181,10.693,445.35
6.9822,-4.6558,10.739,15.248,14.651,423.83
5.1761,11.005,13.252,14.659,16.988,462.37
12.352,8.2199,5.4455,20.303,13.639,679.6
0.75566,-7.9942,4.9023,19.308,10.636,285.39
0.86572,-2.1196,5.2385,12.128,12.717,277.7
1.464,14.517,6.2243,14.337,17.026,395.93
2.6024,8.4134,9.7677,10.113,15.16,352.94
0.485,8.3085,10.737,17.939,14.2,387.86
3.6674,0.22091,13.892,14.84,10.148,341.85
-2.2647,8.7729,11.654,18.75,9.1656,364.56
-2.1194,7.0567,7.3907,13.786,23.159,428.39
5.7918,-2.3282,5.0305,14.417,13.21,360.9
-0.82276,8.3316,8.1198,20.469,23.872,479.51
1.3765,0.77301,11.824,16.131,15.84,370.81
-2.6953,2.5384,3.4187,15.639,16.321,354.9
9.7871,10.823,7.0999,13.447,26.623,649.59
5.0957,5.0341,7.2988,18.127,13.298,406.89
5.5717,7.0653,1.7977,18.501,16.127,429.26
8.1738,6.8799,8.8969,16.144,18.678,534.34
14.314,8.6657,2.6759,13.639,14.511,736.56
-4.7906,6.6218,0.18415,20.404,7.5727,343.55
-1.3472,8.0581,12.498,19.626,17.649,438.55
8.7581,5.4918,9.4605,16.34,15.929,528.7
7.2305,19.257,12.535,21.636,19.91,611.82
-2.2973,9.5583,12.854,28.861,17.035,509.05
10.276,-2.3575,8.2573,11.446,22.554,577.98
8.1649,6.049,12.47,14.59,12.851,484.27
4.17,0.39363,17.035,11.581,15.845,390.5
2.1309,2.7831,0.28828,10.415,22.282,354.47
-1.806,11.095,13.422,17.657,23.295,491.77
1.273,2.3205,2.1952,14.794,23.148,391.72
1.5372,3.2058,9.3081,18.839,17.033,398.92
11.412,7.6324,20.915,12.946,23.817,734.2
-2.3517,14.375,13.188,18.503,18.63,472.1
3.4046,9.8845,10.626,12.342,23.334,457.3
3.9278,9.2627,3.0398,11.81,15.454,360.14
1.9094,2.1433,14.318,-0.0091859,12.234,249.04
4.1982,14.183,8.6231,18.973,22.697,515.65
4.1886,12.765,6.4526,19.021,17.565,457.41
-0.4244,2.8005,12.641,9.1691,15.632,329.18
4.9465,1.0094,9.9325,19.502,20.703,473.88
5.644,9.529,4.524,19.735,14.465,444.41
2.9349,-3.1216,8.3617,18.409,21.519,421.18
0.61489,3.6282,11.276,12.337,16.391,354.99
5.3359,6.1985,8.1568,24.35,23.992,554.42
5.7859,8.3264,1.924,13.075,16.04,401.76
4.4393,9.0569,6.9861,23.085,16.295,467
0.23145,6.4663,11.047,8.4254,10.676,287.44
1.2306,8.1737,6.2459,20.067,17.771,417.31
6.5784,0.73348,11.578,11.549,23.821,490.35
-1.1348,10.622,11.078,9.4299,7.6179,284.94
4.9466,0.90922,15.402,9.5426,20.882,429.91
1.9743,0.49324,10.827,18.584,14.516,374.8
0.008796,2.1278,4.4148,14.018,9.9699,276.84
3.6917,7.2973,3.095,9.6582,20.235,376.9
7.0634,7.0621,5.7583,22.917,22.827,570.57
1.5084,3.8036,14.784,9.6111,22.517,408.37
2.5988,6.4267,3.9504,21.154,25.138,483.71
5.2196,6.4667,4.9541,15.879,23.324,477.2
4.0958,2.0887,6.5315,13.347,16.982,374.96
2.2178,3.6609,1.9099,15.205,21.13,387.1
-0.5714,17.453,12.095,14.229,21.319,462.93
0.082426,0.24727,15.347,20.782,12.545,382
4.0248,8.2527,14.614,15.44,15.566,429.93
5.6309,14.61,0.15368,21.93,16.153,474.12
1.2334,-4.4629,2.2017,10.877,20.139,314.88
4.5027,4.2157,4.5278,14.91,18.121,401.87
13.545,7.4808,11.902,13.805,17.636,755.15
15.21,6.9241,19.11,11.161,9.1041,785.04
5.3982,7.9632,2.9272,22.043,20.409,494.32
6.719,-0.70585,10.692,5.6154,26.66,470.11
1.8487,14.233,6.2826,16.522,20.273,440.65
6.9001,7.3615,11.16,17.339,14.793,481.3
5.9401,4.9713,5.8136,5.6532,10.813,313.54
4.2425,5.922,15.895,10.679,7.8956,331.54
6.0467,2.5641,5.5404,14.562,20.134,447.54
14.637,0.41846,4.2387,16.862,17.806,782.46
-5.4418,8.1468,7.935,15.873,19.694,468.21
13.984,-0.26035,-0.45259,10.992,14.09,652.27
-1.3651,6.0553,8.2868,9.8731,21.848,385.44
6.9111,11.704,13.645,18.831,17.291,538.78
0.46032,5.7901,9.9362,16.63,24.047,452.5
4.9302,6.8187,11.291,16.862,13.695,420.89
9.8264,7.8074,16.029,11.203,9.2112,509.61
-1.1461,12.073,9.6227,27.556,21.199,524.6
5.4016,5.9012,7.2812,9.7102,17.126,392.87
-1.9827,-0.77798,9.905,15.785,24.697,436.37
-1.2133,3.8887,12.04,11.962,14.024,338.03
6.7002,3.7823,8.3828,18.84,14.808,462.29
-2.2559,4.2036,10.984,18.711,24,474.35
15.161,1.1191,5.8202,10.263,16.598,767.28
9.8593,3.9121,11.293,16.542,16.491,577.36
1.5926,-1.7565,10.586,7.8939,20.027,339.06
7.9636,-2.4866,8.7258,10.544,15.442,427.76
-2.2933,7.227,8.9734,16.018,29.075,503.38
1.3991,9.3585,5.4315,11.424,14.048,328.51
5.7128,2.7689,6.1906,12.231,11.331,350.79
9.9066,10.229,19.787,17.538,16.999,646.86
5.371,5.4908,17.176,21.724,16.134,502.77
4.9559,13.332,17.46,19.48,17.799,522.64
-5.8857,10.808,5.8042,13.468,18.429,451.88
-2.8558,4.5154,7.9464,16.559,18.032,402.94
2.604,4.2006,12.903,12.637,18.013,392.39
7.1427,9.7049,11.778,14.809,11.879,456.46
1.2274,12.533,14.51,28.186,13.804,486.13
0.14568,10.553,6.372,13.703,17.909,381.63
3.7106,-2.1593,18.457,9.4087,29.967,488.17
-1.5219,1.7231,11.164,6.0096,14.409,291.73
4.9276,5.7708,7.1022,7.6792,14.472,345.2
2.3094,2.6081,3.6331,17.632,21.529,410.92
5.4481,1.9646,12.661,15.569,21.694,480.68
-2.604,10.515,14.805,11.793,18.322,419.45
7.6348,1.6357,7.7739,16.505,12.896,446.42
4.9046,5.9246,11.449,16.338,9.2578,375.71
7.0518,2.2729,3.6543,17.495,23.007,509.82
2.862,-0.49495,9.2305,11.964,19.566,372.74
2.5122,7.612,14.018,8.8946,6.7318,284.68
0.7612,7.531,6.7582,9.1671,9.1991,267.21
0.80457,2.3067,8.4538,9.7902,12.629,289.61
3.5708,8.387,9.6739,20.35,21.89,491.85
10.224,6.4705,15.291,13.98,13.483,573.6
1.878,9.8207,9.8216,18.724,22.246,471.38
6.9597,-0.27541,10.911,11.553,21.33,472.68
1.6897,3.3578,8.3956,15.483,16.143,366.42
4.2159,8.9412,8.4477,19.59,14.465,429.15
11.67,2.3788,9.3069,13.009,22.021,665.6
4.6605,7.0651,9.6483,7.2258,14.14,349
4.3516,3.8251,15.367,20.315,22.791,518.35
-1.6337,5.5333,6.9863,13.318,21.146,397.08
10.823,4.8811,4.2564,17.841,11.007,553.16
1.7013,13.375,4.1265,22.345,9.8934,376.84
7.6887,6.6688,7.1319,9.89,19.952,480.2
5.1531,4.1243,6.4651,19.704,17.966,452.72
-1.9267,3.6068,11.275,19.296,11.845,368.86
7.793,-5.3272,9.261,6.3966,13.278,367.7
2.7732,4.1944,7.9248,21.048,14.36,399.09
-5.885,7.2752,5.2246,13.943,17.18,429.32
9.9063,-0.40041,14.834,12.16,12.74,515.92
3.1803,3.5245,8.6797,6.1236,25.712,402.75
5.8207,-1.5939,14.432,19.039,16.567,462.24
3.1954,3.1507,9.1952,20.135,18.685,436.95
5.9407,-0.25283,1.5447,25.172,17.634,468.72
5.8771,2.8139,5.8812,10.699,24.038,453.72
6.5336,6.4802,15.436,13.772,17.215,482.58
-0.98889,8.5336,16.534,17.229,16.313,426.99
-2.9272,11.188,3.1663,8.6077,21.95,388.81
5.5696,7.3225,18.873,20.584,14.99,502.76
12.332,10.809,12.159,11.851,18.422,699.39
3.4078,6.2457,2.0129,13.438,21.522,401.49
1.3397,17.798,12.48,12.815,13.917,394.68
-1.2837,15.045,6.2962,16.307,13.757,381.94
3.8992,5.0498,11.084,17.896,24.404,495.86
2.3941,9.8922,1.5817,20.3,14.337,384.76
4.9889,3.1658,2.9138,14.848,14.567,369.48
0.95441,9.8556,19.959,22.979,9.7684,427.09
7.8609,6.4512,7.8475,21.719,19.508,563.44
0.42251,1.9635,5.5206,20.038,14.157,358.04
1.1543,-1.0858,3.8042,10.829,14.941,287.38
7.147,7.2929,11.01,14.582,5.5623,388.44
-0.48602,7.756,12.263,19.919,23.148,483.2
9.3989,5.902,7.9325,15.503,17.163,552.21
3.9208,4.4624,14.668,16.187,16.033,424.13
10.003,4.7599,8.7108,16.137,26.709,661.86
16.537,5.3581,5.5775,19.752,12.052,892.27
8.0382,-4.3014,18.105,17.957,21.939,567.77
-5.5574,4.5311,5.139,17.347,21.601,473.19
2.9425,5.9655,9.1318,9.0393,13.606,324.67
8.7603,7.022,6.1358,21.431,20.036,590.92
7.4528,6.679,9.9838,20.703,17.917,539.74
3.0625,1.6772,15.989,17.918,15.833,417.56
2.9027,11.167,14.855,16.86,12.752,410.91
-2.3366,-0.19184,13.959,12.901,15.636,359.49
3.0242,10.444,14.241,6.585,11.962,331.21
2.1496,8.3005,16.652,11.36,15.037,383.21
5.8126,6.1666,9.6371,16.868,19.239,479.02
5.8219,14.015,11.191,14.099,15.333,460.72
15.968,4.4451,7.0126,12.455,16.008,843.35
-0.14593,-2.1073,9.5118,13.769,10.315,283.6
3.3966,3.8923,14.467,24.66,21.393,517.4
5.425,7.6976,7.4661,18.002,21.16,491.46
4.5141,-0.041059,1.523,12.774,10.481,294.03
4.2737,11.593,9.2289,15.887,11.736,393.99
12.572,8.0517,12.881,9.7206,13.35,645.9
3.6607,-1.0287,4.9973,19.134,17.402,393.68
4.7729,11.386,13.636,19.846,17.877,499.99
0.98735,8.8036,11.546,15.467,18.453,414.68
7.1136,2.0289,0.55672,18.047,9.2889,382.63
3.4229,4.9127,2.3973,15.737,20.26,403.01
-0.17073,-1.7319,15.162,20.795,21.493,452.2
1.8896,10.361,10.124,16.186,24.615,478.12
1.912,5.6233,8.7564,18.669,18.629,420.61
0.46689,5.6839,12.423,20.029,22.414,470.8
3.66,5.0497,9.5191,19.363,18.75,446.68
3.0733,-9.3404,8.7983,11.332,22.548,363.75
-2.2962,-1.0303,4.5165,14.951,15.022,326.73
2.8012,-1.362,7.2496,20.748,25.76,474.1
-5.0693,8.5063,11.777,17.9,19.417,488.37
2.6459,2.2108,7.4223,13.528,14.912,342.78
2.9294,-3.3238,2.2145,16.711,15.514,332.05
-3.573,7.4289,5.8495,12.139,15.039,358.21
3.6973,16.778,13.24,18.665,13.635,454.62
-3.8113,11.175,7.1617,22.1,17.124,465.53
9.842,0.24279,6.0437,11.712,19.108,532.82
11.004,6.2827,8.7766,21.143,13.721,629.99
12.431,2.1635,14.412,13.335,17.356,683.29
3.48,0.90249,6.1621,20.259,16.165,399.48
7.8971,11.212,19.697,18.656,19.11,604.92
5.6235,7.3804,12.961,11.748,9.6386,374.35
-4.8711,-6.2415,9.8916,9.7349,16.444,343.6
7.258,6.0774,15.096,12.653,23.641,547.98
3.0087,5.7245,3.4026,8.3046,13.895,299.18
0.097925,9.358,7.7903,15.92,17.914,398.02
4.1966,4.279,5.1268,14.109,11.655,337.56
2.2268,3.0838,14.437,31.419,11.684,462.44
4.5382,-1.2687,10.89,20.183,19.291,454.24
2.6858,5.4108,6.1535,11.006,5.2619,248.54
5.8769,3.5515,3.9132,9.0969,11.634,329.73
1.2374,9.4738,3.1983,13.812,24.372,425.02
7.7159,-5.7049,12.066,9.5645,15.102,412.45
-3.6686,6.2077,15.675,10.906,18.971,420.55
4.7529,8.3386,6.269,14.471,5.1867,312.6
7.2133,7.0755,4.6274,15.622,15.348,456.1
5.6433,-0.79783,13.834,20.532,13.313,440.38
0.81968,3.0307,13.85,13.453,14.007,350.55
7.9118,6.2503,8.2789,23.108,18.998,570.98
4.2221,12.903,8.3953,12.14,23.849,474.57
11.133,6.6907,7.6517,18.318,14.04,616.29
1.9165,0.052925,10.834,22.245,15.819,408.83
8.5791,8.0506,16.992,16.106,26.601,653.13
2.6738,2.6048,16.478,11.07,20.373,411.75
1.5962,7.5886,11.701,14.035,2.8771,268.93
0.43584,-0.37767,6.5857,13.838,16.055,328.76
-0.086928,7.6089,-0.38769,10.617,15.205,299.71
-2.7542,9.0047,6.8379,10.292,11.757,316.5
5.1559,12.167,7.6857,17.112,18.169,470.56
8.2267,3.005,8.8949,13.798,20.177,519.53
7.976,2.7342,6.5289,21.079,25.8,598.99
5.6416,7.4117,7.6938,19.7,12.609,433.16
5.6067,-1.9802,10.062,7.976,16.666,364.81
0.67558,0.080994,6.0909,17.326,10.993,308.39
-6.4055,-6.2364,4.0877,15.407,13.042,363.29
-0.91102,0.46909,12.106,11.726,11.488,301.21
2.3971,3.3769,9.5924,10.96,13.83,326.43
5.8193,7.3728,6.5844,15.763,17.066,444.87
9.5784,3.7018,9.3292,19.441,15.647,570.1
3.3628,-3.2198,3.3802,14.3,12.887,303.4
0.51747,7.488,8.6269,15.555,14.308,361.42
7.8916,9.0602,14.098,21.848,15.867,567.94
6.3457,14.874,4.3386,21.913,12.33,475.45
0.97275,13.935,3.5861,15.935,12.94,356.11
2.1744,2.8648,2.0452,18.021,22.501,415.33
5.3175,10.416,-3.1346,27.164,19.449,503.16
2.5524,-1.5935,5.9842,11.893,12.442,290.03
4.7151,4.1605,15.306,11.77,23.375,473.34
1.5916,5.2487,18.032,17.021,14.905,410.75
2.4515,7.5596,18.185,15.495,9.5716,369.79
9.0432,6.5124,7.6868,7.118,11.776,437.02
5.3457,7.8941,6.058,13.624,19.044,436.91
9.2057,8.4328,3.807,14.582,14.265,506.11
7.0861,3.502,6.1539,7.8525,13.718,379.39
-3.001,-0.90273,7.4844,15.085,14.465,342.55
0.1617,8.5242,17.877,13.435,19.825,435.44
8.8563,4.6415,3.1988,15.46,11.997,463.86
4.8465,5.7106,4.3467,11.357,16.998,379.12
7.2427,10.29,15.46,8.3349,16.9,476.23
-2.9124,11.508,6.2714,14.717,16.034,391.92
0.97912,8.8043,-1.0068,12.481,17.027,331.77
1.9829,8.2712,11.56,14.005,8.5148,322.39
7.9621,4.6773,11.535,12.492,14.999,473.71
5.9146,8.1139,8.7787,9.3259,16.923,413.9
7.3077,8.4323,23.455,11.675,25.576,601.56
1.5394,5.2321,13.194,19.007,31.085,545.12
7.2798,5.8108,13.439,9.4005,10.775,407.16
11.801,13.388,4.6853,17.683,12.237,638.63
0.87975,1.8206,6.3379,12.593,22.562,384.95
-0.89353,4.7897,4.4977,16.07,13.404,331.92
4.2084,3.0082,12.14,14.179,9.2843,341.21
-0.56453,6.8029,11.652,15.43,22.998,445.98
4.1496,8.8458,13.726,13.004,19.029,444.21
-7.5204,8.0926,3.629,16.545,23.373,540.73
13.968,-5.1549,6.4128,7.7512,14.061,639.44
-1.808,2.6383,11.038,7.8266,18.312,342.57
7.9313,13.796,9.7113,19.382,22.876,612.78
7.7677,10.671,15.848,15.551,17.817,551.38
-6.449,-0.29707,5.5332,7.2037,19.805,394.88
-1.1134,7.9807,5.2833,20.613,16.427,404.2
0.79874,16.726,5.5809,14.305,16.838,396.36
0.034931,15.188,11.452,7.8435,5.7459,273.14
2.3774,12.853,3.1966,17.54,16.872,405.07
-6.6973,1.537,10.862,24.503,9.0595,452.32
-1.3197,5.7067,10.943,13.574,6.2955,284.25
11.372,7.7198,5.0718,16.138,14.075,605.94
6.8616,1.3992,6.9449,17.104,17.748,466.27
2.4886,6.5564,16,20.427,25.478,529.44
1.6257,5.0014,7.9341,19.167,12.159,360.15
1.6126,3.5618,9.8159,18.581,16.768,398.66
2.8933,7.9915,4.149,4.0041,10.093,246.82
7.2692,6.2115,9.6004,15.487,13.911,461.18
-0.059757,5.2126,5.6727,14.958,16.749,358.17
5.2096,1.6861,4.1677,16.755,10.502,351.2
6.8779,1.2451,10.991,7.9118,10.287,355.55
0.59925,-1.5534,11.478,18.944,18.265,398.17
3.1892,12.374,8.0046,6.6693,17.119,360.53
7.2109,8.1554,9.1474,14.471,10.694,429.75
-0.85153,7.7411,5.264,10.985,22.932,393.98
10.697,8.7348,4.8345,15.181,13.279,565.66
1.9364,-8.6522,11.372,8.8469,29.05,405.03
-2.1544,23.043,7.6165,12.396,17.647,429.09
6.9964,7.9109,13.171,21.039,17.464,542.13
1.7457,1.3938,13.251,7.865,15.035,318.33
10.48,6.1435,6.2625,10.647,16.145,547.42
8.9605,10.062,5.3344,16.455,15.28,530.64
10.606,12.334,12.211,21.834,23.227,735.57
10.702,5.9039,8.2076,13.557,20.543,621.57
7.9402,-0.89218,14.058,14.826,17.078,497.16
6.5199,5.2628,10.31,18.25,11.797,440.38
14.193,10.136,7.5355,17.714,18.636,817.77
0.45515,-5.987,6.7024,14.811,13.005,289.34
-0.75391,5.063,-3.1163,17.332,19.79,365.96
-2.7068,5.853,6.581,14.323,18.187,386.86
3.875,14.559,7.1255,11.723,16.972,407.14
0.32188,4.8044,6.6787,19.225,12.338,351.33
-4.2292,3.0116,9.6088,19.145,21.659,472.55
9.2921,1.0705,3.5524,14.915,14.633,487.54
4.6847,6.1677,4.9387,8.6555,17.697,367.94
6.939,2.5412,0.39448,15.45,9.9193,366.92
12.945,4.4205,9.0578,10.239,16.062,663.6
1.8911,7.7289,4.5647,11.485,15.771,337.85
3.7622,4.8711,3.6649,18.291,10.468,344.79
10.076,10.758,9.9928,12.999,18.943,602.53
18.193,9.0399,14.191,15.557,20.761,1101.5
6.0128,8.9577,7.7615,18.889,10.428,423.07
-0.34023,2.6258,10.005,8.6089,6.2843,232.76
7.0847,8.8668,8.1965,18.807,11.723,463.06
10.05,4.2331,15.03,15.254,13.337,564.89
15.403,9.2272,10.468,9.2773,16.151,818.88
8.4058,2.2714,4.8511,15.84,10.178,433.37
-2.681,13.245,8.7669,6.7877,15.982,351.67
7.3328,11.811,11.495,17.765,25.835,609.61
3.5796,13.634,10.335,10.765,16.816,404.54
4.0337,5.4323,-0.1411,16.549,17.626,386.25
9.2225,4.1466,9.0692,15.991,13.99,519.7
7.9138,7.1312,6.7695,20.686,13.668,505.42
-0.84863,9.0159,8.4879,18.254,16.457,404.07
3.2583,4.6093,7.7211,16.646,9.3468,332.27
7.2032,1.6602,11.737,11.47,25.356,524.18
2.5738,9.9709,9.858,14.811,12.893,370.47
4.4105,-2.6768,11.151,15.785,19.736,422.25
6.4542,4.8186,6.2225,14.449,18.131,450.21
-0.11772,4.2838,5.2408,15.298,20.214,385.6
-3.0643,10.394,11.591,11.82,8.8264,328.88
7.477,17.339,6.8784,17.183,13.101,500.27
-1.9549,5.916,7.5466,13.396,27.233,456.46
-0.39694,8.0672,5.2606,15.672,14.428,351.59
3.5707,-0.36409,9.395,11.425,25.682,432.49
-1.4554,1.9892,0.90632,8.0314,15.64,275.48
10.911,6.2572,8.6677,12.339,17.154,595.96
-3.2942,-0.11294,12.701,13.46,10.796,327.07
7.6354,7.3979,-0.85097,15.063,19.717,481.96
-1.2262,13.12,6.7623,10.69,19.434,388.22
0.59487,13,19.895,7.4707,21.624,435.56
-2.2966,10.324,9.356,17.604,20.585,452.78
6.1417,7.827,1.9801,11.973,25.217,481.05
2.5093,2.5316,7.8596,21.109,9.9929,352.56
10.868,4.0056,3.2606,17.239,20.339,625.13
-3.55,-0.63034,9.5317,17.672,17.016,398.49
-3.0847,14.958,4.5559,19.784,17.762,448.53
1.5732,0.58795,7.8711,26.331,11.491,386.34
4.9894,9.3581,4.6555,15.688,17.297,427.89
2.7029,-0.93994,6.019,20.916,15.217,379
3.5932,-0.00972,1.3091,23.611,17.255,410.42
6.4846,9.1714,6.4867,15.562,18.724,480.17
5.5552,-2.4495,6.3359,11.334,22.128,417.2
3.6706,6.4005,5.8965,18.976,15.194,403.56
5.7307,7.9978,1.2444,10.868,14.187,365.61
-1.8416,2.7964,6.752,7.7196,14.979,296.47
1.6077,11.769,6.1964,11.841,25.478,443.64
4.8973,9.2879,10.48,10.605,10.189,353.11
0.57633,12.089,8.4116,18.569,15.24,405.45
-4.9187,3.4163,12.725,22.954,17.444,487.99
8.1397,5.7337,17.479,17.459,9.3132,490.97
13.332,2.9673,12.613,16.008,16.296,733.76
2.8414,1.8831,21.273,9.916,17.303,395.78
10.989,1.4725,14.237,23.775,18.284,691.54
5.2611,2.6279,3.6804,18.833,23.162,477.81
4.5575,6.9904,6.053,26.892,19.397,510.67
9.5438,3.3485,7.6034,25.677,27.14,702.61
9.4848,9.6485,11.665,9.149,15.583,527.15
8.5421,-2.3961,4.1345,13.347,21.02,496.02
-0.43877,14.758,10.582,17.931,16.657,431.39
5.1374,-0.73748,7.3277,14.59,12.551,357.01
2.1561,4.7573,-2.4322,9.8689,25.474,374.89
0.245,2.118,8.3132,20.392,13.815,368.96
5.397,3.0919,7.5208,15.992,17.47,429.07
13.278,-1.0241,5.7094,16.489,17.886,706.13
7.9001,3.1148,-3.5324,21.145,13.518,451.18
6.0323,2.0577,12.367,24.083,13.345,477.86
8.0879,14.151,9.736,16.405,20.409,577.6
6.0841,6.838,11.852,10.366,16.266,427.03
-2.6624,8.7874,12.41,19.671,21.176,482.23
4.605,9.2479,14.295,10.733,15.351,408.54
2.564,7.0052,15.556,18.525,13.685,414.6
1.2097,7.7251,15.311,21.946,22.99,510.04
3.2682,5.2228,10.146,12.233,21.43,419.7
4.133,5.9875,-1.0772,20.115,9.6355,340.59
14.994,8.194,-6.4988,11.64,9.8219,683.32
10.453,8.9351,9.5635,11.91,16.724,583.03
-1.4052,2.7709,11.936,13.446,12.862,334.53
0.02664,-3.4656,8.7486,15.912,18.102,357.86
0.74081,3.3345,12.383,11.246,10.835,303.03
7.8363,8.3004,10.291,8.2208,22.905,517.66
-4.4824,7.5039,8.2134,14.758,21.379,455.3
8.8689,6.119,-0.32318,9.1487,18.857,472.58
7.4497,9.9106,4.1545,14.052,24.88,543.51
5.3882,13.72,-1.7444,12.118,10.221,340.31
3.1928,7.3511,13.04,3.1186,10.955,285.36
2.5966,-1.8022,6.066,15.952,18.765,372.43
-3.8163,3.4524,11.373,14.654,15.866,393.94
2.6404,5.2805,9.287,13.662,13.452,349.32
5.5989,1.6644,9.4173,12.493,13.3,376.16
-1.8218,8.4454,11.464,9.2896,16.527,359.35
6.5532,4.7239,13.3,18.745,20.344,529.01
-0.1405,10.656,8.2698,18.515,19.488,435.77
1.9471,4.7893,2.3471,15.278,16.604,351.74
6.0062,2.7469,13.982,17.171,18.119,481.13
-0.68429,11.646,14.74,17.895,24.334,504.11
3.7283,8.638,13.053,10.837,19.968,427.76
-3.6013,3.3887,10.226,11.759,17.891,384.06
-4.0722,7.805,2.5176,17.57,10.368,349.71
2.461,9.4312,9.9303,20.753,17.984,452.04
1.4441,-5.1529,6.3851,19.887,9.9372,302.26
9.6693,3.3692,14.479,22.434,20.831,658.31
0.85533,5.3058,4.9473,10.617,22.669,379.3
9.3735,6.7378,10.14,15.655,19.019,580.26
0.23552,12.659,5.5457,17.532,12.942,368.45
6.8029,10.214,9.4394,9.6239,12.795,412.53
5.3108,3.5665,13.583,12.455,15.712,414.11
12.31,5.0718,5.8744,9.9947,18.35,639.6
-0.19658,4.7915,10.319,11.6,11.219,304.64
-4.8411,7.0956,10.603,16.533,21.356,481.83
6.3739,11.112,12.747,21.634,14.367,512.36
0.76876,3.2399,2.5536,16.338,12.518,312.3
-0.25371,12.213,5.7896,15.607,10.034,329.6
12.595,1.7692,8.7309,18.406,19.991,724.34
1.3617,3.1645,7.6801,20.345,16.146,393.67
2.2082,7.8511,-0.49969,17.491,23.398,427.37
9.5211,7.4274,2.7708,17.742,15.058,538.29
5.288,10.77,11.577,14.236,15.55,441.78
8.4211,0.49732,10.262,13.902,16.794,493.79
3.388,-1.9884,6.3922,11.757,12.261,297.62
9.1534,10.895,17.396,17.887,19.062,631.46
7.4173,7.1523,9.2905,14.251,8.625,413.27
1.6578,5.1068,4.4903,21.372,10.636,348.53
5.65,5.4867,6.0103,12.739,19.463,432.49
0.53048,-0.76762,12.145,14.439,19.342,382.5
4.4179,12.266,14.707,16.389,19.647,493.06
3.4963,4.3106,12.643,8.5614,7.4818,283.44
5.1408,8.7346,11.265,7.0001,9.3317,327.39
13.331,11.525,6.5818,23.508,14.093,771.3
6.6366,7.2815,11.318,8.4541,11.433,385.47
10.551,4.7665,16.862,15.113,23.324,680.56
5.7261,8.8472,8.7257,18.449,23.359,529.41
4.3953,15.33,7.2993,8.9999,18.673,415.57
1.6008,-5.1835,11.774,17.313,11.303,319.26
6.1361,7.524,15.712,16.519,12.204,452.32
7.0681,-10.232,14.932,20.698,18.637,494.63
3.9243,7.9781,11.056,19.536,17.464,457.21
0.48475,-3.6012,15.238,6.998,13.768,286.11
5.4793,6.073,-0.769,20.885,10.107,377.1
-0.40523,2.4146,13.05,16.286,10.15,329.67
1.4432,6.9589,10.709,9.6363,17.356,358.13
5.8334,5.993,5.279,20.449,14.47,444.03
-11.979,8.2471,9.5089,8.3713,12.726,589.63
3.7324,-0.0023993,7.6869,21.153,19.866,444.21
0.62181,1.5418,5.7422,18.781,16.101,366.28
7.5578,9.0916,10.14,14.93,12.669,467.51
3.7146,4.3083,5.1092,19.186,11.541,363.24
2.3553,5.8256,12.822,8.6229,15.805,349.13
3.2938,5.1096,6.9661,20.134,10.803,367.65
4.1328,15.423,2.6057,13.322,18.627,421.36
10.814,5.3131,1.2994,15.677,21.25,616.98
3.2617,6.8529,9.7008,14.483,20.879,433.99
-8.6892,8.1194,8.1829,12.55,22.31,560.52
10.378,1.9335,3.4081,12.84,17.468,543.09
0.33219,4.5064,6.588,15.71,16.622,363.51
8.4907,11.394,1.9361,17.336,12.808,489.9
5.5393,13.912,7.6503,21.374,15.121,486.95
8.4659,10.18,10.022,11.511,20.837,547.8
4.016,4.8601,11.688,16.339,16.25,418
0.37253,6.1198,8.184,15.474,6.1677,283.16
-1.1319,13.397,9.8554,16.738,12.511,381.69
3.3644,7.9782,3.6942,7.8597,10.727,282.3
10.706,-0.29596,9.4579,20.47,15.244,605.23
4.9453,-3.2721,6.4732,19.928,21.625,455.66
-2.8347,8.5995,8.3279,10.126,21.231,403.24
-4.7529,9.5553,13.468,18.327,18.413,486.86
6.0835,4.3012,5.9431,22.291,19.295,500.99
2.767,5.7639,12.342,20.708,19.465,464.44
4.3398,11.539,8.4561,13.122,17.351,422.04
-5.9965,13.967,16.107,14.775,13.975,477.1
1.2965,6.8079,8.9597,18.903,10.744,354.68
3.9551,-0.8709,5.6083,14.466,14.622,345.49
0.94549,11.278,15.733,8.593,19.535,403.21
3.7029,10.766,13.969,15.407,21.578,483.43
0.67964,12.808,12.097,12.658,12.635,360.56
2.9139,0.63066,9.1373,15.713,18.542,393.31
0.40765,5.7565,5.434,6.4506,7.9733,225.8
-1.8886,4.6977,13.223,17.389,22.32,458.55
2.0544,1.7618,9.3776,12.297,6.147,258.97
-3.5485,13.522,6.9072,9.7332,12.602,346.35
5.4278,4.377,9.6709,22.329,24.894,550.21
7.6107,13.104,5.9376,15.862,23.09,563.45
3.4706,12.887,16.894,14.574,21.242,490.85
-0.51751,12.805,9.6723,13.191,19.792,416.29
5.6682,9.8782,12.102,12.311,15.865,438.75
4.1163,11.605,9.6601,8.8845,19.44,412.98
-1.4598,6.2577,15.193,12.286,20.726,420.89
4.1686,5.674,3.042,13.609,16.83,375.34
-1.6657,1.0917,6.7365,17.983,13.925,349.11
5.0606,3.3087,10.591,21.474,11.366,419
1.6438,-1.8922,13.775,20.197,16.942,407.75
4.1165,6.6866,7.6508,22.853,18.915,477
13.781,6.3287,2.6946,23.359,18.256,796.67
6.0692,6.5003,2.8725,14.537,9.3849,357.68
4.3187,10.023,7.6084,5.7542,17.992,368.84
0.39257,5.585,-1.1607,12.291,14.072,291.13
-0.16452,-1.3921,12.278,21.32,16.976,406.08
10.237,18.055,4.2658,22.823,17.965,669.66
2.6331,4.7132,17.557,11.765,9.9803,337.41
-3.0241,5.7115,10.212,17.812,15.754,406.87
3.2773,4.8614,5.6079,20.709,18.816,434.7
6.1334,7.3083,8.9644,5.5885,14.876,374.02
-6.023,1.4584,15.674,6.9307,9.8079,342.44
3.4392,9.8018,7.4654,14.654,16.738,402.99
-3.4712,12.9,3.2275,10.23,13.536,339.78
9.492,6.2679,6.2638,13.548,15.518,522.82
-7.9745,6.0532,14.168,22.074,21.818,613.44
-0.25804,1.7839,7.3655,13.765,10.043,286.51
5.4244,6.0363,12.405,10.531,13.555,388.85
1.7578,6.9442,6.4081,12.086,10.408,298.88
9.0155,10.003,7.3594,20.33,17.121,582.64
4.267,4.1761,9.9701,23.146,17.744,471.67
7.6877,9.8957,2.1965,14.803,20.688,511.35
7.7739,1.5505,14.486,14.096,14.74,477.11
2.6985,10.784,-2.2054,18.087,12.383,343.91
-3.9055,2.1631,2.6838,14.042,22.051,405.56
6.5091,6.444,9.1314,12.467,21.133,481.83
8.1557,-3.4298,9.0148,13.67,19.514,488.2
9.9363,6.1476,12.036,13.794,6.4157,485.14
2.9991,3.9024,11.441,19.092,20.268,452.97
18.116,10.955,8.1384,17.744,15.625,1048.6
10.33,13.097,8.5283,18.872,29.59,747.43
11.14,9.7104,3.5864,18.81,22.025,683.86
8.1815,8.7034,4.6473,21.989,9.8383,486.5
6.7378,9.7464,8.5426,13.5,21.036,503.33
-3.1388,10.679,15.396,9.3479,12.901,364.86
-3.4055,8.6423,1.0798,11.471,21.849,395.82
3.0597,4.5088,12.616,17.233,10.225,360.65
4.9628,8.5005,6.278,18.472,16.382,441.62
2.1828,10.877,9.1975,20.631,18.398,454.46
8.573,0.41714,14.769,14.927,23.202,579.35
4.7368,6.8702,7.8747,10.092,11.329,337.46
-0.41128,7.4783,7.1309,15.774,15.445,366.55
3.1444,13.187,14.968,11.786,13.596,394.6
8.3353,-4.6951,20.52,11.935,21.603,542.2
10.227,7.6795,11.123,16.994,22.225,657.68
7.4896,1.0153,6.4216,9.6198,21.406,462.09
2.0831,5.0017,14.402,7.1327,21.165,386.73
9.184,-4.1051,4.2574,19.015,24.951,585.41
1.9864,-0.6085,12.091,23.918,29.672,543.86
1.3951,4.1781,4.0537,9.572,13.072,283.57
7.0687,9.7522,5.3111,8.695,15.202,416.32
6.6292,7.5666,13.488,17.198,13.44,471.37
9.0539,2.3288,7.3378,12.426,19.265,522.06
1.7182,-2.3053,3.7146,9.8879,13.78,269.46
10.376,8.6168,12.012,13.523,12.574,563.28
4.164,7.5738,15.075,20.251,24.981,545.95
12.829,11.445,7.9401,15.226,20.157,747.4
2.7777,9.017,3.7607,21.465,27.683,518.29
0.28262,0.35178,14.83,21.408,16.142,415.96
3.9971,12.413,15.185,19.364,12.557,446.83
-3.5103,6.9767,3.2283,14.867,16.443,375.8
-2.6452,6.9984,7.6816,18.537,13.649,383.59
8.0309,8.0666,9.7337,13.161,9.7188,439.28
1.7474,2.1669,12.759,15.657,14.168,364.08
-1.3981,8.9445,18.256,14.773,19.77,450.82
11.777,11.414,12.236,6.8712,32.626,765.35
13.319,9.3329,10.171,18.358,18.577,781.62
0.71607,3.0665,6.6883,17.996,14.339,355.14
7.461,1.4871,13.466,2.3837,13.595,374.46
3.4984,15.575,14.704,15.863,10.78,409.66
11.416,3.4178,3.9851,11.724,11.17,533.26
5.9501,5.2243,6.4318,17.674,20.61,483.38
7.4935,5.206,9.8414,17.088,20.956,537.22
3.9815,2.5392,10.118,13.689,17.404,395.09
-7.42,3.5604,18.773,15.422,15.346,504.99
10.241,-5.386,4.4803,24.213,10.522,531.96
8.7963,9.3817,15.452,9.5773,20.677,563.64
9.2138,16.095,6.5541,13.234,16.76,557.28
-3.8431,6.7922,4.8486,20.416,12.438,389.04
7.4124,2.0259,6.6253,19.018,11.684,442.95
1.658,11.153,7.7204,8.9762,25.43,428.17
0.82274,11.749,13.411,18.717,25.16,512.29
11.226,-6.1592,5.5609,22.275,19.772,642.9
5.653,3.1434,11.851,14.258,14.314,413.09
0.35037,7.8737,14.255,17.61,27.335,512.27
4.5616,2.6616,6.7147,15.819,22.475,450.19
9.3834,9.2038,5.8701,15.905,16.26,549.95
4.5055,9.1144,12.02,14.485,18.576,450.47
2.7652,7.5889,9.1928,18.549,14.188,397.81
1.6566,-0.29147,11.975,20.492,5.8381,311.68
5.923,2.7273,9.7981,16.939,17.202,452.77
2.4307,-0.12164,12.722,14.045,11.505,327.43
1.9145,6.4929,10.096,4.8056,23.234,375.75
-2.0917,-4.0793,3.2571,20.473,17.282,365.92
2.0625,0.6239,8.6896,13.943,10.527,301.43
7.6102,4.3459,13.251,13.03,10.603,433.92
-5.2335,13.27,13.172,23.473,24.769,598.37
4.0998,9.6958,9.0389,11.135,19.695,420.82
4.9982,9.5134,18.5,20.472,16.358,508.22
3.7937,1.8509,5.347,20.221,25.125,481.8
3.5931,8.3671,13.958,10.472,25.86,477.27
-5.913,12.346,13.134,23.56,19.929,568.44
-2.5159,12.844,15.227,18.767,10.94,411.29
6.757,13.178,12.948,12.949,17.337,497.83
0.40348,-0.42248,19.92,10.228,20.138,393.23
-2.3981,12.263,16.583,17.469,14.053,431.86
-0.23816,3.7121,7.3105,11.325,6.7827,248.33
10.632,6.2855,9.1606,7.3667,13.956,524.78
7.9581,7.9941,3.5152,11.857,11.402,417.62
12.137,6.422,7.7424,10.938,13.631,608.78
5.3456,3.5088,13.775,17.35,16.59,456.04
10.868,3.8876,5.5339,20.715,14.055,602.58
7.3893,-0.56541,6.6409,22.122,8.4334,425.76
-2.603,9.1473,15.661,15.873,3.1715,313.7
10.063,11.468,10.259,26.189,25.095,747.98
4.6419,0.26785,10.397,11.668,14.874,363.81
-1.6097,5.8165,17.974,9.5414,24.029,441.64
8.7304,3.2737,14.613,12.641,14.111,499.78
9.6817,8.9446,14.765,16.563,12.668,569.17
10.57,0.48021,18.82,16.657,19.783,653.56
3.5746,4.1973,18.996,15.025,28.369,534.9
9.6217,4.2496,15.883,11.844,15.931,551.27
1.8302,0.6589,9.1276,16.921,10.15,318.3
0.68995,15.08,13.904,17.845,20.23,476.94
5.6017,-1.3928,3.9717,18.012,18.529,426.19
0.079677,-0.52115,8.421,17.171,15.02,348.7
6.6858,-1.9229,10.132,12.151,8.7919,351.23
11.929,7.5459,9.7156,12.398,16.628,646.68
4.7236,-0.32882,11.128,19.75,18.779,454.57
11.038,1.2455,12.517,17.817,15.707,623.42
4.4819,3.6954,0.96465,6.0269,15.337,301.28
4.3069,9.8792,12.643,13.68,14.927,415.04
-3.6844,9.4841,4.9255,20.246,11.326,385.73
2.1759,6.4775,1.0113,12.484,23.775,397.82
-4.787,7.2292,7.3839,7.5965,11.771,324.75
4.257,3.4214,10.788,8.6949,16.924,367.59
9.2547,3.9447,7.095,15.11,17.389,535.88
11.172,11.373,6.8841,9.0407,21.145,630.91
-3.0819,13.664,17.135,20.573,21.242,529.94
6.4037,13.034,18.466,18.512,28.341,643.44
2.5744,6.1267,8.8446,18.765,15.102,398.6
-2.9633,10.079,12.876,15.839,8.5001,355.95
1.6112,6.7122,10.716,14.465,18.412,400.02
6.0528,4.7665,6.771,10.73,21.619,447.56
5.5276,4.4834,6.7267,12.23,17.603,409.47
-8.2002,-0.24109,5.9165,21.152,20.366,546.37
5.0063,-1.2206,4.9614,12.517,11.002,315.72
5.7848,16.638,8.656,17.201,11.036,442.54
10.097,5.8511,12.677,8.3749,17.135,549.8
10.519,10.903,0.21163,19.124,16.755,604.13
14.657,1.8945,-0.26866,12.301,15.152,716.93
5.2497,-0.05184,0.32069,12.964,15.841,351.33
-3.1934,2.8141,13.64,16,16.602,407.57
9.8808,8.9699,8.6247,19.738,10.918,558.52
1.4,12.538,6.6094,11.353,25.153,440.67
5.1955,3.5805,19.292,18.433,16.97,485.88
2.5416,11.48,6.2819,9.2996,24.014,420.78
6.725,8.107,9.2422,11.686,17.525,457.2
8.2103,2.3444,11.316,13.956,15.544,487.11
3.8403,4.8756,14.094,5.7931,11.528,312.83
6.9087,-0.62562,11.247,7.1946,10.402,346.94
-0.070252,3.841,18.966,13.579,16.983,399.36
-3.8874,5.0863,2.0965,12.89,20.612,393.03
6.0852,3.4454,11.399,18.956,17.825,484.62
1.525,5.5107,15.583,18.354,26.986,515.54
7.2468,15.993,4.6231,14.044,15.836,482.36
0.84283,6.7133,9.4347,14.111,15.34,362.04
2.5122,11.051,13.959,9.5043,9.6738,326.37
-3.0378,5.7982,11.366,11.824,24.6,448.59
3.6088,3.2998,6.0261,15.067,21.453,420.28
-3.9051,3.1778,13.565,14.801,18.638,428.22
7.7343,7.377,1.6167,27.033,15.403,537.91
3.6089,12.233,11.156,13.955,20.189,454.12
3.1189,6.9018,8.0242,16.125,15.386,388.91
-0.88593,6.2437,7.4641,14.834,12.861,335.91
10.226,8.5767,10.24,11.849,16.327,571.27
6.6494,11.816,6.6807,12.029,14.888,437.47
-0.92021,4.0055,5.218,20.343,21.641,432.58
-2.9,10.56,11.557,15.38,11.832,377.52
1.7732,12.004,4.4437,19.898,18.771,434.49
1.5434,10.181,9.992,11.719,4.9915,273.76
6.9057,9.7757,10.117,11.366,12.435,425.09
4.9501,2.7017,19.277,13.474,18.18,454.87
10.403,6.8406,2.6638,17.617,17.082,587.41
1.2765,4.7,1.9428,17.767,15.866,355.86
2.2715,10.133,22.052,13.868,17.343,449.41
2.9095,10.88,11.362,19.586,13.234,418.52
10.481,7.6903,13.259,13.852,15.706,598.81
5.7807,13.32,12.761,18.404,11.696,460.96
1.8514,2.616,11.522,11.753,13.119,326.02
10.488,9.9408,7.1747,17.736,5.7324,522.1
-2.5112,9.5416,8.0751,4.8097,22.319,375.78
-0.045389,13.401,7.8275,11.621,5.1772,272.75
2.5727,-0.80041,8.9742,17.454,10.755,327.84
3.9923,9.2617,2.6204,11.2,15.437,355.21
10.714,11.444,12.13,9.6485,16.584,596.75
5.0317,0.92793,10.818,14.418,15.409,398.51
1.7501,5.1122,9.4111,11.211,6.7196,266.38
14.188,8.7645,5.7576,17.036,12.554,747.99
-2.5697,-3.0758,16.565,17.697,16.505,401.83
-3.8043,9.4607,-2.9608,13.393,21.562,398.69
-1.8024,11.27,10.165,21.476,7.3196,366.04
7.8014,13.372,4.3531,20.946,15.253,529.95
9.4373,2.7202,6.6067,14.548,20.829,562.48
5.9818,0.088428,9.2233,11.596,11.567,357.45
8.9832,6.0781,6.8246,12.357,13.851,483.22
14.471,11.596,7.8895,15.091,18.968,825.41
3.7166,14.543,10.125,12.544,14.72,402.68
2.3831,13.421,11.08,13.131,10.961,357.63
-3.1806,-4.7009,13.507,16.597,21.085,423.2
6.1215,10.16,5.9913,13.01,19.152,459.14
5.55,-0.26425,11.962,12.381,9.9954,348.91
4.6344,4.3377,5.9514,10.861,12.755,336.43
3.463,1.0094,10.83,12.396,16.742,370.38
1.2833,1.3798,7.9936,17.447,23.604,433.53
7.8824,4.6762,5.1269,18.158,18.625,515.22
7.4916,4.655,13.656,16.927,17.113,515.98
5.5556,4.8538,5.7326,16.75,19.115,451.02
-2.9454,4.8556,7.8524,14.786,19.428,405
2.4832,5.6787,5.9698,20.839,16.673,412.21
6.5268,10.453,14.164,3.0319,11.135,366.17
9.9633,4.7302,14.041,14.742,17.771,594.4
-2.3603,15.439,3.9117,18.087,16.111,414.03
-3.3967,6.513,3.077,14.332,13.968,346.86
8.6391,5.2085,22.346,19.742,20.155,634.96
4.7874,0.35181,8.676,21.58,7.0875,358.96
6.4304,7.7844,-0.19589,16.896,13.202,408
2.0177,3.5541,11.557,12.679,11.309,321.26
-0.6798,18.084,10.144,14.809,14.18,399.41
2.3887,0.60077,13.485,8.8767,17.586,350.74
6.6168,7.8399,14.004,19.82,12.855,486.66
7.3073,1.7833,8.3004,14.47,14.403,438.75
3.811,4.5931,5.3731,19.641,8.4821,343.21
4.26,4.6457,12.545,12.147,17.04,403.31
12.076,6.6387,10.444,14.589,14.728,651.63
9.3929,6.0688,14.01,19.544,7.8176,522.87
9.4443,8.8761,15.334,12.162,18.587,584.04
6.235,5.2085,8.4565,21.379,16.453,487.14
3.3896,-1.6593,7.8862,8.6994,20.227,353.51
2.0116,9.3679,19.937,7.8013,11.994,348.59
-2.3992,6.8305,4.2789,9.784,9.2414,269.57
5.6302,7.8249,16.286,13.75,23.348,522.18
-1.3584,-5.5567,6.2,10.237,18.482,308.94
5.632,14.561,6.8351,13.342,20.67,482.21
3.7644,6.4705,10.772,16.464,26.064,502.4
6.9561,11.941,15.052,22.251,16.062,558.85
6.437,14.417,4.5934,12.483,18.7,469.05
-1.8921,9.8036,16.633,18.158,19.916,474.66
-3.0624,3.9567,16.912,10.152,19,404.59
3.7933,7.1981,15.041,21.036,10.174,415.09
5.5802,0.82278,12.841,24.21,12.779,460.89
-4.219,13.7,11.81,11.253,17.321,428.27
2.4191,9.5414,6.3036,18.55,10.099,354.04
1.0014,-0.12285,9.9111,17.334,17.575,381.39
3.0728,8.3195,11.332,13.667,21.182,440.51
3.1472,7.9089,7.0916,14.599,25.354,465.54
3.8498,0.24613,11.142,16.176,16.869,401.11
4.1057,1.8794,11.291,12.946,12.092,348.22
4.8803,9.2484,4.6655,15.005,13.682,389.35
5.5498,14.246,8.7696,19.537,20.825,530.11
6.6133,11.86,5.6583,13.069,17.923,465.99
3.3513,6.182,3.6294,11.408,14.371,331.09
5.4274,2.4742,8.7719,10.167,18.101,398.79
4.6351,10.658,7.8295,18.263,18.448,465.84
1.4688,4.0824,7.7688,11.835,20.677,379.98
4.5871,-0.53467,8.3129,16.461,15.664,390.76
6.6204,12.587,13.466,14.723,23.23,557.4
5.2849,8.7469,6.4169,19.486,26.642,545.7
-0.68869,8.8472,9.3571,16.135,8.7991,325.57
0.59247,-1.2975,8.0925,14.075,19.285,361.54
4.5214,12.445,13.569,20.296,14.144,469.41
-6.1122,7.1811,0.23126,22.149,17.804,475.08
6.1705,4.8269,9.1911,12.413,17.175,433.01
5.2317,9.979,9.6498,17.259,15.335,448.56
5.7476,-2.0537,14.798,9.8418,19.11,420.56
10.929,4.3973,-0.46586,8.7444,24.238,590.88
1.2982,9.7414,12.674,10.531,12.119,335.58
0.8927,4.3475,12.587,15.554,11.537,343.08
2.2838,9.4848,10.926,19.07,12.435,394.94
1.2507,0.87688,7.6037,7.3199,14.362,281.38
6.3462,4.9324,3.3918,13.001,16.902,416.07
4.8345,6.5636,10.542,13.446,24.652,487.44
4.634,1.898,5.3957,20.996,12.064,387.79
10.701,3.2017,12.229,20.43,24.851,711.87
-4.5043,2.9816,9.1827,19.377,22.445,483.89
2.1603,5.3064,8.5467,7.8928,20.013,360.08
-1.2307,4.0988,9.4945,23.945,24.528,500.78
2.1748,7.7174,5.6137,16.432,27.879,482.99
3.4929,6.7166,11.886,15.639,16.117,411.73
8.134,5.7322,8.0067,14.705,14.31,477.71
14.098,4.1091,10.482,9.445,15.355,718.59
1.9434,9.2316,6.9494,7.135,15.794,324.04
-3.706,5.3211,18.702,9.8833,22.022,449.75
1.6397,9.9581,8.2128,15.946,16.715,396.92
0.2026,4.2228,9.7807,16.963,17.986,395.48
7.2617,1.7009,12.458,17.998,10.614,444.62
10.978,4.7563,11.173,14.737,16.256,611.91
-1.6168,4.67,8.0035,14.218,10.57,312.03
-2.9652,11.748,4.8456,12.917,28.122,480.71
7.2758,2.6852,8.7827,22.893,6.4742,430.75
3.3171,5.6368,8.2528,8.432,20.956,384.48
0.60114,13.959,8.2124,18.049,11.265,373.27
5.1984,4.8616,9.3208,7.43,17.73,382.98
4.0551,8.5955,9.5615,15.104,11.066,369.95
-1.5725,8.4023,18.961,21.451,13.231,440.85
3.2425,8.8708,5.9496,14.65,10.115,333.34
6.9696,9.1645,10.069,11.008,29.501,570.54
1.7094,5.8752,8.2283,12.632,18.013,371.9
6.1294,1.0478,13.507,15.773,10.47,400.19
2.5711,9.995,9.3935,17.277,17.515,425.49
10.634,2.3092,16,14.956,13.263,583.27
2.5,2.6094,7.1811,13.09,16.448,352.16
8.3117,7.3607,2.6985,17.085,14.239,483.42
-5.8773,8.7604,16.671,14.353,15.2,465.87
14.825,0.98933,13.581,10.17,23.925,841.08
9.4805,5.2558,13.469,18.12,19.26,611.06
-3.3944,1.9419,6.9714,13.232,7.5611,283.04
-3.8328,-0.68386,11.128,16.812,16.798,401.15
4.9638,7.321,12.598,11.955,16.269,417.91
13.235,14.633,4.2716,18.012,12.397,716.25
-2.5905,0.61891,13.383,23.038,21.288,480.01
12.831,13.396,14.295,10.091,15.178,702
4.3191,3.6789,4.7725,18.606,21.578,452.71
7.6529,2.1955,9.0655,9.1689,22.821,491.06
-0.14285,7.8905,12.098,15.819,16.247,394.93
6.2657,1.31,8.5014,11.802,7.3559,330.54
8.2244,5.8766,5.1588,20.863,20.671,566.57
8.0176,4.9587,12.919,19.254,16.322,539.09
2.089,9.7877,14.326,14.855,10.99,367
2.7805,11.094,14.169,13.114,9.7686,355.33
2.239,1.1355,6.7358,15.666,14.852,346.15
-0.030411,-0.9683,3.9145,16.252,13.691,311.26
3.2428,20.137,16.03,17.454,13.158,459.19
0.73523,2.6563,7.3136,11.16,18.713,348.24
3.0024,11.679,9.4252,18.08,14.919,419.19
2.131,14.165,7.9576,17.617,22.118,472.79
5.9032,7.0967,13.015,15.325,16.879,467.05
10.636,-3.5351,10.426,17.199,9.9933,526.87
8.319,8.2258,14.458,16.867,13.571,526.62
0.90101,4.7747,3.6479,23.527,21.697,450.88
6.6113,9.0887,-1.92,20.604,25.258,540.27
3.3136,11.878,3.6009,7.8738,16.917,349.06
22.327,3.6047,11.622,13.049,16.908,1353.8
4.8424,5.1932,8.7951,20.626,19.632,480.42
8.5245,3.1393,9.985,13.76,17.627,511.83
-1.9679,0.53764,9.8344,15.834,13.258,341.46
1.5233,17.271,10.673,13.05,16.898,414.12
4.9338,-2.9148,10.791,16.429,14.557,388.95
4.864,7.4712,9.9407,11.079,19.998,432.39
9.2759,8.7093,9.7251,13.238,8.8523,477.26
-7.0483,2.5088,10.985,14.178,19.996,491.42
1.2661,-0.062097,1.4237,18.971,16.208,347.88
7.1952,6.0896,9.9523,19.016,14.137,485.77
1.8617,3.2746,12.478,9.7419,6.465,260.83
9.8152,-0.93307,5.5611,4.4293,12.631,420.23
2.6385,1.7905,17.933,24.831,20.982,512.34
3.9276,8.7019,9.5905,16.004,23.839,485.62
6.008,11.935,8.0231,6.9891,17.037,411.91
4.4166,3.6385,7.6988,11.033,9.9169,313.51
0.33918,7.5744,6.7795,7.4778,20.69,355.12
2.4716,2.4027,13.519,16.424,21.544,443.37
1.5425,9.3427,11.906,14.498,15.393,387.67
6.0917,3.253,1.7517,13.305,14.238,376.11
13.381,10.665,10.392,20.678,19.132,810.96
-3.0562,0.44262,7.5179,11.385,16.389,339.94
-2.7891,-0.89745,15.288,10.444,7.4446,279.08
-2.9412,6.3753,12.249,13.379,16.887,396.4
2.8779,11.189,16.003,16.704,14.195,426.82
2.4115,5.2198,13.935,8.6501,20.903,396.51
7.7757,6.278,1.9441,17.563,17.154,488.02
6.6565,2.5693,10.129,11.384,16.549,428.73
-2.3301,9.8986,9.3473,13.376,9.9507,330.52
3.9497,0.5907,11.188,20.064,15.442,417.85
13.172,1.8613,6.4089,10.92,15.28,653.43
13.473,4.2832,17.052,11.143,10.707,682.35
11.544,7.5129,21.195,19.76,1.9571,596.65
-0.38287,11.134,6.8293,11.065,12.858,324.05
13.697,-1.4488,8.1349,22.353,18.713,783.46
8.0957,0.97299,7.995,12.084,9.4706,399.75
-1.281,-6.3493,7.5911,14.613,13.607,298.37
1.5992,14.775,10.402,16.901,12.934,396.09
1.3826,0.69719,9.9383,21.14,18.719,421.82
1.1557,7.306,-6.2203,11.904,13.59,272.5
8.2031,9.9558,14.913,14.666,11.255,495.81
12.27,1.2903,11.945,19.371,22.925,751.55
1.517,11.203,10.127,11.132,19.339,398.64
6.3289,-1.3453,2.9859,6.487,14.632,328.05
6.176,3.3217,10.444,26.85,20.043,555.05
0.82146,-2.4226,8.0563,25.434,15.099,398.15
5.6779,0.63062,0.17356,14.213,23.997,441.83
-3.9568,2.0744,10.651,17.321,9.1686,348.01
9.9536,0.40022,13.934,14.395,24.931,638.15
-3.543,0.092635,9.9221,16.465,14.889,375.89
9.0771,3.5019,12.643,10.048,13.08,478.5
13.509,10.061,19.708,12.69,16.46,775.97
7.4523,13.262,8.7341,8.7799,18.699,484.57
5.9449,12.429,7.5533,9.3441,11.513,378.09
-6.5701,3.2962,14.231,12.516,24.188,519.59
2.9184,1.7565,13.014,17.115,12.7,371.53
9.0236,20.42,6.4903,24.125,15.312,626.3
3.8714,4.2109,10.123,7.614,13.483,324.3
4.16,12.144,10.643,19.637,22.882,521.95
10.97,8.8566,18.798,11.623,10.944,589.54
-5.515,0.061753,-1.0716,16.52,16,377.16
10.221,0.65488,11.434,17.696,19.726,616.7
8.3216,9.6036,-1.743,1.4034,19.786,416.51
6.683,7.4114,13.983,12.286,28.227,569.78
-1.286,12.597,-0.85023,13.056,9.6097,286.6
5.2332,2.1457,10.969,12.039,14.533,383.89
2.0937,4.1029,8.696,10.151,23.015,397.18
2.2449,6.6277,9.0754,12.418,17.25,374.08
5.172,7.4974,11.885,19.916,13.217,446.95
8.3529,7.8394,9.6049,18.366,19.675,570.11
5.6406,11.646,11.035,16.07,18.309,486.72
3.9434,13.583,7.9133,12.746,15.598,402.84
5.8696,10.813,12.853,16.001,15.889,474.77
10.91,-0.428,5.7284,13.811,22.193,614.12
0.46111,5.7256,6.7973,21.952,21.207,450.84
7.8212,-4.4496,5.1348,11.79,18.067,433.15
0.90144,9.5761,13.256,23.802,15.652,455.75
-1.0087,6.5492,8.1251,14.641,12.714,337.53
13.041,4.7538,5.1133,13.402,19.942,708.99
6.6879,4.2466,9.0807,10.638,16.072,422.14
12.387,6.8378,6.6484,21.11,16.719,713.44
3.6844,12.038,13.925,16.788,17.944,465.19
-0.2668,1.6389,1.8245,12.611,20.217,344.53
11.547,1.2642,16.284,18.16,21.267,712.08
4.3091,3.3309,7.9375,11.894,21.876,421.37
6.3794,2.2996,6.2826,13.572,16.279,417.57
11.242,15.154,12.073,16.651,24.939,752.55
-2.8242,11.483,7.5936,14.07,19.329,420.44
6.7946,4.0373,13.57,11.49,7.5066,373.48
8.1178,11.262,4.2115,22.718,8.2619,482.99
-3.8341,4.9213,8.5319,24.507,17.745,470.76
-6.3344,13.092,10.527,19.419,22.903,568.84
2.8232,7.8954,7.2281,14.555,18.201,399.67
-0.87379,6.6454,8.5964,9.5446,21.506,381.41
-2.5551,-2.3781,9.8824,15.538,16.448,362.31
6.6869,6.7175,11.381,17.681,17.194,497.34
0.10898,7.9265,11.07,15.424,25.502,468.78
6.6171,4.7441,11.244,19.68,20.137,527
8.9158,5.5189,11.827,18.131,14.374,542.36
5.2262,12.469,4.6799,13.152,19.618,446.95
6.0564,0.5523,3.3424,19.926,12.759,403.79
2.5164,6.6963,7.9192,12.831,21.357,410.77
4.7038,11.572,9.5139,7.3005,9.9396,329.23
3.4415,11.85,4.0087,16.567,22.623,460.53
2.9214,3.3297,11.126,16.805,19.394,425.73
-0.8862,8.5773,4.8203,17.589,15.435,374.56
6.572,-1.2474,11.488,22.494,6.3556,404.57
6.5205,11.023,10.879,22.233,9.8755,473.26
7.8717,0.18852,6.053,21.637,20.1,538.93
6.6212,6.0234,5.4454,7.1212,13.264,363.99
8.7121,3.6411,1.6588,23.371,7.7278,465.26
1.9048,1.2193,7.1295,22.39,20.85,442.77
1.7908,1.7234,15.121,3.1256,21.41,350.86
1.533,-1.2278,11.142,13.635,17.9,362.97
11.111,1.6875,16.441,16.071,9.9765,582.34
2.7248,8.3066,2.5412,5.0923,13.136,273.42
4.0133,2.9047,9.2386,22.057,17.457,450.21
4.057,-4.8128,12.427,9.707,9.6661,285.28
-1.2035,3.1231,10.958,13.975,16.162,363.09
7.0817,7.413,9.9154,15.191,24.416,550.78
5.8304,1.967,14.408,15.394,14.964,436.52
3.768,-2.4639,7.6938,13.057,16.436,351.63
4.0805,11.509,1.7356,22.472,14.668,430.31
9.4166,0.0056575,16.401,20.92,12.478,561.62
6.6608,2.5451,8.7207,14.687,9.345,382.68
7.574,9.7946,0.3009,15.731,16.095,466.23
5.8196,9.7266,6.2114,13.932,5.5769,339.44
-1.9804,1.992,10.36,17.585,15.295,378.35
1.5084,3.7983,7.7638,13.986,14.34,338.54
6.3803,1.5793,0.23585,7.8643,11.269,308.73
6.7542,2.054,15.652,15.746,23.718,543.42
3.1783,0.75516,4.7525,22.597,13.51,381.97
0.61108,-4.397,8.3902,6.9569,23.144,337.39
8.4849,4.5618,15.492,15.63,16.273,538.46
3.3033,4.344,8.0789,16.089,9.6017,331.82
7.1125,13.038,6.9867,16.222,13.53,472.12
7.4847,1.5717,11.755,9.1087,17.904,451.4
2.9801,1.0224,9.5146,14.172,21.539,412.69
2.0213,9.9842,3.8941,12.979,11.365,315.92
-0.85503,8.7982,2.9751,21.544,9.4492,342.41
9.2012,14.662,12.799,13.898,18.649,597.68
8.4878,8.8411,14.936,12.447,19.855,561.25
1.9827,-4.3327,2.2572,12.804,14.297,282.5
2.8748,18.495,9.4496,13.135,15.898,417.24
2.1889,6.4317,10.182,13.104,21.467,418.65
14.923,10.896,4.5742,13.018,23.392,860.48
-6.1551,7.448,8.948,16.033,19.871,488.82
12.59,6.5756,12.458,18.201,17.601,733.94
1.7377,11.565,9.041,14.024,19.162,414.95
0.71771,-0.65188,12.334,10.488,15.315,322.47
4.1423,6.5646,8.2067,10.316,19.531,400.1
9.487,8.3267,11.445,15.476,13.421,545.48
-2.9149,-2.9587,15.003,16.026,20.664,424.66
7.3517,5.372,9.7275,13.971,20.082,504.57
-4.883,7.3275,10.289,15.368,17.887,444.17
4.4345,-4.1056,11.43,17.466,16.568,402.48
9.7875,6.8854,12.181,15.356,11.305,535.58
5.3422,6.8652,8.7893,17.358,15.387,437.48
8.5504,3.1202,14.053,21.566,15.018,558.85
-4.7927,5.7717,11.37,28.271,16.057,512.25
0.41021,7.6957,12.734,6.6103,18.241,352.39
7.4525,6.1837,9.6719,15.785,12.943,460.31
0.35561,1.7291,4.4305,18.035,23.436,419.96
2.4528,2.3261,15.262,4.4407,13.411,298.41
12.583,5.3258,11.867,17.214,23.183,768.72
5.2793,13.613,7.0505,15.527,12.257,413.59
1.5192,10.788,6.8959,14.802,14.791,369.37
6.2992,3.6351,10.56,18.07,14.982,456.48
0.78915,10.437,3.2623,13.936,18.011,372.4
8.5792,6.9185,9.6913,15.312,10.923,478.07
-1.5638,1.4577,8.1425,14.355,15.82,347.44
-0.92312,8.3038,9.6197,12.574,9.3366,306.12
4.1054,18.436,17.48,8.5728,15.509,432.15
5.1911,10.298,3.3104,21.185,19.818,488.88
3.8482,10.458,9.7929,15.882,20.112,458.2
13.741,11.053,10.003,18.23,16.68,792.35
8.6173,9.2265,8.2066,15.299,19.075,552.45
7.5545,3.6343,14.192,18.523,19.137,544.74
2.0269,3.1524,6.6171,13.48,15.132,338.76
6.8481,9.7227,16.02,13.748,13.569,472.92
-6.9355,5.367,6.9397,26.63,15.48,526.83
6.0477,3.8758,10.243,12.37,22.075,473.21
12.718,7.6133,10.678,13.879,16.224,695.85
13.631,1.7002,8.6567,15.617,22.005,776.44
11.1,3.7171,4.5592,6.1486,14.685,515.49
-3.1654,4.6229,7.0377,13.894,19.444,397.7
1.9687,7.5298,9.5205,19.634,24.823,491.28
-8.4177,2.901,0.13125,14.948,13.109,436.56
4.6699,7.0166,11.654,19.051,21.155,497.74
4.8979,3.7826,15.389,23.814,24.04,562.76
7.3687,2.9549,11.138,23.939,18.275,553.57
2.8876,5.1674,9.5988,14.187,18.163,397.4
7.8197,-2.2443,3.9019,14.796,14.247,423.02
-0.66064,5.0256,16.202,11.139,15.252,361.84
3.432,10.459,14.43,19.603,25.204,540.16
-2.9619,1.9482,12.033,15.866,22.78,448.07
5.151,2.9712,6.4919,6.4539,15.709,339.78
6.2763,19.65,8.8938,8.3754,8.3149,382.82
15.115,11.457,7.5434,12.421,7.8599,746.7
15.06,9.2097,6.8065,13.566,14.107,794.51
8.6532,5.7679,9.568,20.011,10.026,499.87
3.9102,2.2033,7.927,11.181,13.275,331.18
8.4381,4.4519,0.77387,14.343,16.955,474.73
-2.6117,3.7393,11.682,18.984,12.158,377.75
5.2824,8.5095,11.171,21.3,18.715,507.13
7.533,7.0702,4.8221,8.4456,11.698,386.11
2.2031,7.7207,3.8892,13.122,14.706,339.41
-0.19277,0.084802,8.3977,15.249,16.571,351.36
-1.0299,7.8039,8.8844,14.352,12.307,339.64
1.4402,16.478,21.611,12.286,9.9124,388.77
5.8959,4.5386,8.2077,15.753,18.003,451.17
4.4548,1.3844,4.6458,11.401,17.086,358.78
8.2316,13.238,10.132,12.557,12.064,482.06
4.5305,8.5929,3.7005,13.176,21.656,433.67
-2.887,5.3383,7.8472,12.048,15.288,351.55
10.643,6.7792,10.326,10.649,21.568,620.01
-5.3221,11.408,2.4135,21.7,14.779,451.59
5.4596,15.318,5.7241,17.155,8.9266,400.17
11.492,-2.2933,1.1662,9.0031,23.535,594.33
11.833,7.9887,8.0384,19.27,14.495,664.74
8.0225,4.0957,2.9712,12.919,14.081,434.1
0.42765,4.8212,13.324,23.644,11.661,402.09
-2.4384,4.0765,7.9928,13.661,14.936,350.72
1.4894,4.5343,17.669,11.99,13.646,361.28
0.078979,1.7998,-1.7472,19.51,16.982,348.99
-2.0377,7.462,13.492,17.064,14.749,402.55
6.8957,0.5837,8.8374,17.881,4.4732,361.64
8.7651,11.428,7.0557,19.245,13.928,542.56
10.884,8.2063,14.104,24.844,23.89,766.36
-2.4187,13.383,16.813,17.563,14.331,440
7.2089,12.214,5.8611,18.678,17.198,515.88
3.5712,9.4251,8.923,23.226,13.44,438.4
6.2058,2.7909,0.65203,10.149,14.887,357.23
0.15924,7.5625,4.2023,25.976,16.492,432.67
10.618,5.4726,10.188,15.282,16.181,598.11
-3.8049,6.9022,10.668,16.573,19.959,451.74
10.47,0.71458,11.969,16.2,15.94,586.24
-1.3083,-2.4411,7.3621,8.2487,16.814,296.5
1.5319,0.11236,12.672,13.198,18.67,377.62
5.0163,1.4732,11.269,14.512,15.804,406.01
8.0985,15.755,3.8153,20.839,21.791,601.79
4.2579,3.985,4.3603,26.403,18.65,478.15
2.0046,6.5165,12.747,14.454,20.144,425.3
14.95,4.8688,13.796,12.722,14.758,800.55
-0.39332,23.35,11.171,20.958,22.381,534.42
-1.2857,2.834,2.7409,11.731,27.899,416.5
6.0155,1.6118,10.369,8.0171,24.132,453.46
-0.25956,1.2083,7.1056,21.034,20.522,423.58
-2.7531,11.162,12.596,22.247,17.434,477.19
2.9335,-0.22278,6.8076,13.201,6.2233,257.06
1.4359,8.9307,13.356,14.358,19.614,427.17
-3.9242,10.268,8.2089,10.602,18.393,401.81
7.0814,3.635,14.669,12.159,12.556,432.8
6.7559,14.169,11.172,13.113,12.083,449.58
4.2442,5.6763,9.6582,17.147,17.021,428.65
7.2203,2.9114,15.04,9.2863,13.345,423.16
2.7672,14.843,15.306,4.7248,13.299,347.26
-4.2989,2.2286,14.444,5.9202,18.358,372.51
3.5061,11.746,7.1245,12.685,18.667,412.97
5.4355,4.1906,16.458,16.101,17.449,470.2
4.9613,5.9563,9.6092,14.137,10.341,364.15
1.783,6.9823,7.3137,13.801,15.442,358.18
5.9312,2.7435,9.008,12.354,18.959,434.24
12.23,7.4786,9.0266,14.919,19.868,703.3
6.6884,4.9787,5.8068,14.427,9.9724,384.08
11.127,7.3265,-1.6335,11.125,15.005,541
5.2843,1.4054,6.544,17.201,17.501,425.18
7.1006,3.5536,10.351,11.847,19.435,473.47
4.3884,10.949,21.2,21.187,21.597,563.19
11.029,1.4266,17.836,17.837,17.572,661.36
16.547,3.6914,6.7971,15.51,23.407,962.08
1.1603,4.41,4.1466,23.844,19.371,434.55
3.5456,1.1489,8.5754,12.297,23.329,419.63
5.6038,10.221,8.4857,8.3425,19.495,428.86
7.204,8.5243,-0.34775,10.613,11.472,373.57
6.2462,-2.3746,8.7432,25.561,17.919,502.54
6.9197,7.4247,13.103,6.9326,9.4496,373.25
1.4202,14.688,13.77,9.1797,17.139,392.78
6.9939,6.3397,2.4579,12.477,15.497,418.71
9.4106,5.3467,8.34,21.501,18.128,601.12
7.5399,8.2928,18.169,16.603,23.29,600.02
10.286,14.094,13.539,13.856,17.425,629.65
6.0077,-3.9636,7.8118,19.979,17.993,450.39
6.9942,5.4552,3.6773,12.662,22.181,479.87
1.023,7.4281,10.441,24.424,11.684,406.95
-0.46132,13.065,17.763,12.592,18.865,437.46
3.4,-3.337,9.1211,14.342,12.412,322.67
0.95331,6.0542,11.433,12.065,11.993,325.19
-1.8727,8.1164,5.4161,7.5385,12.867,290.65
-4.206,12.517,3.1315,11.473,16.237,381.1
2.8535,3.8905,6.9178,9.5863,17.697,346.67
-1.5308,8.5271,14.224,19.494,14.396,418.99
-5.9345,8.6816,6.7026,21.886,17.883,501.04
10.577,4.2695,9.4289,14.786,21.571,632.62
10.856,5.9027,8.5809,10.729,21.493,618.89
12.299,12.955,7.7327,12.389,18.658,693.36
-10.55,6.0298,8.7323,19.865,18.311,640.83
4.4943,6.4435,7.0688,16.83,15.553,410.42
7.2063,3.6299,6.7146,22.244,9.2604,443.68
5.8669,-0.25597,18.466,9.5584,18.582,437.9
4.826,3.1694,3.7295,3.6552,14.26,291.51
-1.3138,8.4716,10.712,18.168,20.113,444.28
-1.5592,2.9612,8.6561,9.986,19.737,359.45
11.312,3.7609,11.807,21.866,28.496,780.24
-4.883,5.8912,16.634,18.832,19.424,501.23
1.6617,10.732,-4.5728,6.4117,18.999,304.16
0.6359,4.3697,18.987,14.062,12.797,368.96
-3.9214,6.8072,11.229,10.121,21.392,424.43
7.4098,-0.12491,5.9471,14.528,24.91,517.33
-0.89552,11.19,10.921,24.873,7.11,384.99
-3.6745,8.273,16.371,0.18976,13.748,313.13
10.119,11.606,5.0291,22.201,17.876,640.06
0.55469,4.509,11.133,23.038,13.988,408.59
10.414,0.59797,12.123,19.902,14.333,595.09
1.4102,3.3297,14.299,8.9087,10.002,290.56
9.7525,-1.9547,7.585,10.787,19.49,524.8
1.4656,2.7404,6.5151,17.233,18.859,390.7
2.6304,-3.0058,5.9906,11.36,12.895,286.19
-0.35593,9.7045,7.7102,22.976,19.329,459.02
0.92032,0.11104,7.5409,4.8066,23.015,335.33
-3.151,6.2146,14.239,25.255,16.752,485.19
7.7293,4.7078,10.381,20.127,13.56,500.86
-2.613,5.8972,15.772,10.401,14.699,366.12
1.5363,10.78,12.585,12.961,12.58,360.63
12.476,-3.3023,10.084,24.118,11.325,668.93
10.487,5.2343,9.7301,22.012,11.618,595.61
5.8204,-2.5384,2.4074,17.547,21.709,445.33
-6.301,8.0249,12.473,25.252,24.234,608.69
9.7802,10.573,-1.123,6.9811,18.892,504.62
-0.016455,4.4328,5.744,19.791,7.855,310.86
7.4227,9.3784,13.853,14.667,13.177,482.05
-0.51059,6.8001,10.254,16.076,4.5293,283.92
8.0074,5.4333,5.0486,12.689,17.815,477.64
-2.0182,14.318,9.134,18.468,13.507,407.93
2.6921,-1.4063,12.023,9.9252,15.933,333.49
0.29955,5.2981,0.75723,11.494,11.04,265.92
7.6123,6.3857,23.88,12.106,10.327,475.24
14.543,7.9012,3.7483,15.175,14.838,764.46
4.2613,6.2129,13.823,8.4333,17.743,395.12
8.3512,5.2107,10.146,17.225,15.593,519.68
0.61563,-0.25922,14.13,11.629,20.263,381.54
3.508,10.309,8.1817,19.046,21.344,478.28
-2.1178,12.374,7.478,12.789,14.09,362.01
4.4639,6.314,13.107,11.002,17.429,410.7
4.0579,3.8862,4.4185,19.795,17.82,423
4.3334,2.1914,13.648,9.9174,8.6122,311.92
1.153,-0.0025139,7.4979,19.323,19.089,399.35
2.9463,-1.8182,6.7317,26.068,12.86,395.66
10.016,7.4842,8.6474,7.5267,15.693,517.92
-2.5777,-1.6383,3.351,14.685,13.731,309.59
5.7513,9.6372,11.629,6.1167,9.3889,339.8
7.8951,-0.12676,10.774,17.551,14.464,480.9
4.9219,5.398,-5.1943,13.812,13.106,323.88
2.7033,-2.4484,8.5359,15.887,18.008,374.13
6.7453,2.5058,9.8063,11.615,17.454,439
4.7257,6.5996,6.9824,11.25,21.983,433.21
10.297,7.5362,3.1658,14.511,14.874,547.39
6.6055,-1.6355,15.062,13.746,7.9411,373.25
6.6351,4.1627,6.2123,13.694,18.737,452.72
6.0946,3.1328,12.247,16.112,16.799,459.05
0.86456,3.8896,14.296,16.682,11.749,357.65
7.5695,2.4077,7.5461,15.382,16.67,471.56
0.77375,11.246,10.824,17.082,15.626,405.99
5.4186,12.137,7.8652,17.438,17.718,474.97
1.836,12.38,15.94,14.183,13.251,395.86
-3.5584,1.6061,14.437,13.333,9.2321,329.28
3.4983,9.5296,3.1291,15.296,13.714,363.46
5.0145,6.531,7.3649,18.34,18.421,456.86
-7.0599,4.1824,6.5986,9.4265,10.929,369.2
2.433,7.4414,3.355,15.247,15.567,360.2
-0.58493,8.6994,11.303,21.425,15.948,430.42
14.251,2.4355,0.40289,16.301,18.743,756.44
3.5509,12.167,3.2896,10.895,30.498,490.59
-1.8038,10.757,2.9499,5.1284,17.389,312.75
2.4109,4.6949,11.414,19.548,12.503,384.87
5.9918,14.406,3.3323,11.237,23.593,487.15
13.89,0.0085406,7.5587,10.653,10.73,648.63
3.2557,-0.1604,13.054,12.054,19.752,396.26
6.7722,17.837,11.711,15.994,17.063,527.96
2.2162,3.2602,21.594,9.0563,15.885,377.56
-4.2914,7.4789,10.315,13.582,21.697,455.16
5.2236,1.0548,17.265,5.0316,12.582,340.88
10.629,9.621,15.317,12.98,12.498,586.32
8.1496,6.7015,5.0608,16.955,11.361,459.34
3.9645,4.858,8.2588,8.9211,19.544,382.1
10.006,4.7766,14.58,18.47,16.788,614.99
-0.59684,9.9791,7.3032,21.116,14.631,405.42
-2.8606,10.2,9.2287,12.689,12.061,350.31
1.5954,16.457,6.1359,21.651,19.795,476.64
1.5674,11.633,11.976,12.116,22.372,440.91
6.3083,11.71,8.7055,20.206,20.385,539.36
3.0528,0.079295,11.958,7.4904,19.929,360.97
3.4389,-5.3692,13.443,19.055,18.876,421.3
7.8055,2.417,10.979,14.342,10.72,433.78
5.5438,6.3379,7.6254,11.72,12.853,375.26
12.756,10.786,7.2254,10.88,13.466,650.95
8.2596,14.31,7.4193,14.016,20.384,558.13
-1.0633,8.2229,11.484,16.074,14.634,383.54
-4.1352,6.5923,3.8913,14.156,15.918,377.22
5.013,4.6062,13.44,19.744,15.592,459.2
8.582,3.9328,4.8355,11.31,20.665,505.86
8.7785,5.5561,16.963,25.247,14.931,611.07
8.8593,8.0366,15.212,8.4113,14.727,500.48
0.49052,2.2688,14.47,14.263,14.381,358.18
12.535,-0.53175,15.387,10.793,20.995,697.34
3.9259,5.6541,2.309,7.8351,15.217,315.5
9.255,0.39004,11.773,10.698,21.108,544.64
2.8467,11.8,5.2399,18.156,16.741,417.4
-2.1939,3.5299,15.566,22.299,7.666,371.85
5.1692,5.3359,15.017,13.101,15.812,428.43
9.1696,-0.20783,12.211,18.744,17.98,568.16
3.0119,13.197,9.9297,7.7424,16.634,372
-1.6457,11.98,16.373,14.672,23.35,486.01
-7.7438,2.7535,7.2794,15.381,15.998,471.16
0.94767,8.9129,16.411,10.154,24.842,454.21
-2.2708,5.9174,17.018,14.319,22.141,459.01
3.6338,1.8742,12.624,14.082,19.269,416.4
-0.36607,3.3975,13.551,8.5994,24.936,411.97
2.8844,6.5257,12.975,11.279,12.039,342.87
5.4251,0.86704,11.088,15.821,16.993,430.78
-0.6804,0.21097,7.5095,12.932,20.984,371.87
1.9272,5.2166,4.5135,14.4,20.169,386.9
10.51,0.79281,6.5427,14.495,9.9038,502.43
9.185,5.9013,10.914,15.624,13.794,527.78
0.15237,1.806,17.428,14.271,15.346,376.43
6.8542,6.8385,12.203,22.785,23.359,593.59
1.981,3.9153,5.4468,16.551,21.479,412.32
6.7067,2.7156,10.992,21.05,17.529,507.69
8.4609,4.4727,7.7799,18.455,20.981,566.4
6.0107,3.0504,2.62,13.584,16.827,401.33
3.1319,6.2668,12.32,16.097,20.343,446.98
6.1735,3.9001,2.3948,16.113,9.42,359.98
4.4551,3.2601,8.3617,24.001,20.767,497.28
4.5333,8.017,9.8634,16.519,15.583,426.08
-2.9182,3.6877,5.9516,12.136,19.473,375.45
-0.77978,-1.367,-0.5008,24.403,15.986,368.23
2.8259,2.6471,6.782,18.762,23.158,450.73
4.0025,5.4851,9.7001,10.751,20.648,412.65
7.1733,6.491,2.1145,18.067,8.8963,403.15
6.2017,8.293,10.983,15.98,25.691,551.4
7.5386,0.51765,6.5523,24.119,7.6,439.88
-0.3814,2.2309,4.3629,16.217,9.0676,284.26
-2.5598,3.3371,7.2193,16.508,12.961,348.19
7.6805,5.6865,3.8457,23.356,12.463,488.85
4.8544,0.33689,8.4757,10.378,11.824,325.12
4.6372,-0.31376,9.3921,20.178,22.809,484
2.0807,11.435,15.336,13.81,20.383,451.51
2.0797,10.768,11.265,18.898,27.858,532.12
-4.2495,15.465,13.394,8.9025,16.857,421.54
10.353,-0.097319,11.111,14.98,16.392,570.82
5.4566,-1.5241,4.7812,13.201,14.306,356.62
6.1897,4.0544,-4.4719,16.246,10.382,342.65
8.7605,-2.0254,7.3344,14.732,16.006,483.38
4.4416,13.212,8.9433,13.125,17.05,429.12
3.6656,-1.799,14.499,16.475,17.936,415.86
3.1908,-2.5085,0.80565,14.622,18.293,342.57
-4.3288,-1.9945,9.0646,7.9417,16.028,329.78
1.1337,4.0911,12.671,15.721,21.486,431.16
3.551,4.8994,5.6338,12.617,17.129,369.45
6.671,6.4267,5.2505,21.466,17.594,500.28
6.0824,3.9491,12.167,9.7964,20.236,448.68
3.3508,0.79148,7.2835,17.211,14.236,364.51
8.2554,4.3034,13.24,9.3094,5.239,382.3
5.1908,4.55,5.6978,21.08,18.41,465.07
7.378,-4.4753,7.9277,15.581,19.434,468.33
9.7469,4.7343,9.2909,11.465,22.403,585.11
-3.6482,4.5425,6.0505,14.991,18.823,401.97
-1.4584,-0.116,20.467,8.4162,19.159,379.68
-0.4596,3.0681,0.10865,11.753,20.288,337.84
8.8693,7.1941,0.69699,16.394,25.423,586.46
5.0839,5.2183,-0.72594,16.702,21.954,440.83
6.6295,7.1874,0.73797,16.021,19.595,464.51
2.1363,5.2896,17.615,18.752,22.433,490.41
-2.3149,6.4476,5.4744,22.75,17.481,431.26
12.155,15.723,13.365,27.305,21.005,839.71
7.8324,-1.394,6.7184,22.395,8.1074,435.51
-0.10382,3.6777,3.5951,10.727,15.203,302.44
2.163,14.33,12.001,14.578,14.787,405.6
7.807,-2.654,2.4257,18.943,17.329,470
10.396,1.8704,9.6311,12.998,21.819,607.5
-5.2102,8.56,8.9924,19.355,25.178,540.2
11.432,4.1259,7.8815,21.504,15.999,660.03
5.4237,8.7063,10.844,14.596,18.789,464.99
12.281,6.3221,5.9528,14.273,24.816,728.04
-2.2271,11.106,9.8413,16.796,6.4182,328.17
3.1673,7.7138,1.3491,14.752,23.752,429.16
6.6676,10.756,19.138,23.701,15.345,566.77
7.7308,10.94,4.9704,19.855,20.692,561.57
1.6978,11.786,8.7741,12.319,21.318,421.66
1.9262,4.2247,10.277,21.505,19.389,447.56
0.54107,9.3087,2.6303,25.094,16.392,426.29
4.7248,0.13427,13.622,10.708,14.67,369.57
3.3623,8.3818,6.25,21.88,8.4914,368.97
0.21398,12.239,13.556,13.036,22.935,455.72
4.8746,6.3369,16.033,18.545,11.211,426.85
0.077412,4.8387,16.625,9.4619,18.106,375.55
-3.0677,9.8325,7.3466,13.045,16.724,386.87
3.8528,5.4545,5.5722,22.661,18.163,452.28
-2.0394,6.3906,9.1302,17.636,17.218,406.6
7.1421,4.6968,12.306,17.149,18.782,516.59
0.90723,11.231,5.2071,13.052,10.4,311.24
4.6395,10.391,15.058,10.681,16.828,428.79
2.9866,-0.40466,2.9262,9.4448,24.941,379.01
1.7288,2.3815,3.4646,13.039,16.849,333.12
7.1981,5.511,14.464,1.5383,17.001,409.05
4.7879,0.57906,7.0053,22.395,16.418,439.75
6.1723,5.109,2.2118,22.319,12.112,428.75
5.0379,-0.76563,4.0044,20.847,27.21,511.27
0.6403,7.1773,23.353,21.319,16.609,478.52
6.1425,-2.6369,8.6965,16.473,9.311,362.75
6.3898,4.8469,9.8708,15.018,24.309,520.89
0.11381,4.0496,5.323,12.448,20.104,364.93
0.92413,6.5772,8.9635,19.571,12.278,370.1
-2.7449,17.637,14.122,14.228,21.775,489.97
-1.9774,4.9543,9.0212,10.247,16.539,344.87
16.356,13.668,11.551,13.965,17.488,942.26
-0.49773,7.4405,13.278,10.686,7.8132,290.55
1.3832,2.1228,10.261,9.0441,18.416,344.04
2.1365,0.077186,9.752,4.9737,26.534,383.19
4.0364,2.6059,13.882,14.528,15.796,402.96
-5.4877,-2.4083,20.756,12.107,15.719,423.15
10.986,7.2475,10.76,18.308,14.437,627.7
-1.4148,7.9621,12.605,15.207,10.541,347.39
0.72172,6.1973,15.638,7.0458,14.379,328.74
8.7106,6.1675,15.922,14.256,18.321,562.15
4.3801,7.6898,12.778,16.431,17.419,449.29
3.4507,-0.3088,6.9626,15.261,20.615,403.02
1.9628,2.9052,5.5677,16.396,16.794,367.27
-4.2315,0.81824,13.912,10.573,13.359,352.08
12.325,7.6686,20.049,14.668,16.56,722.31
4.7441,3.87,20.022,15.872,24.027,525.08
-4.0895,7.9872,9.3697,6.1607,18.09,368.43
-3.1846,5.3407,9.8519,10.926,17.1,371.4
-0.35492,8.0568,6.6839,10.363,12.185,301.92
-3.6871,11.198,7.1549,19.22,11.992,399.69
4.8941,10.601,6.7854,16.769,15.366,429.47
10.878,4.2397,7.1157,16.201,17.432,609.57
6.314,-2.6337,13.544,22.003,9.9858,429.56
-2.5685,4.9745,14.775,16.167,10.217,358.24
16.393,6.9408,7.7021,20.467,14.929,926.83
12.521,2.8098,13.531,25.794,19.345,787.78
6.5078,11.851,9.5708,18.187,20.377,534.74
0.26215,6.9571,11.138,15.427,10.913,338.81
7.0199,2.4806,0.33164,14.185,17.655,427.47
5.5888,6.3704,8.679,13.015,19.422,446.47
0.53383,-2.1198,3.653,25.492,12.755,360.8
1.1278,-2.885,5.0771,14.206,16.944,326.16
9.5945,6.4541,7.5881,19.599,10.38,528.75
0.86094,3.5827,13.907,17.637,13.613,377.63
9.0405,4.9187,17.922,19.209,19.029,616.88
4.4513,14.201,2.4185,10.633,12.276,348.32
9.6074,9.0146,13.093,24.886,6.9835,566.49
4.5362,5.9177,12.017,12.571,20.367,442.34
7.0527,6.1464,17.018,11.338,16.132,475.92
3.8131,1.9993,7.7731,9.2216,8.457,273.22
0.90365,5.3566,2.9171,18.642,21.994,419.7
1.1064,6.852,7.7606,16.062,19.319,404.6
1.4518,10.742,5.4111,16.691,16.59,391.24
9.7189,6.3773,13.969,12.679,17.895,577.59
3.6961,-3.2265,8.284,10.639,6.5116,247.58
3.6054,3.204,6.0715,14.387,26.099,455.92
4.2336,8.8389,10.508,11.873,16.068,399.3
-5.5156,11.324,18.329,11.757,21.595,511.6
1.5863,7.7097,12.301,16.003,14.971,390.19
-2.4471,8.9694,10.295,3.9726,17.819,337.23
11.389,12.505,4.6099,14.961,8.8627,568.58
-2.0427,6.9165,6.9303,14.755,17.82,385.49
2.4657,9.7209,1.1879,11.556,15.564,335.03
2.0056,10.839,4.3557,15.708,14.414,365.6
2.1793,-2.4177,13.961,10.26,12.177,302.29
8.4029,11.304,-1.2059,21.376,17.085,538.48
-2.6764,6.7069,14.282,15.999,18.73,436.47
10.489,6.353,10.483,6.3395,20.419,573.63
0.7897,0.1799,7.3198,16.231,21.483,397.89
-0.36514,-0.88731,20.464,15.906,29.861,516.55
4.3473,3.058,-0.94671,6.4295,21.338,343.92
1.3261,13.182,9.0988,9.0314,14.551,344.67
4.6251,5.3068,6.3182,8.9,14.215,340.66
11.863,5.7105,9.5695,14.125,16.427,646.36
7.5255,8.7884,21.366,13.163,13.227,503.43
2.9561,13.29,8.5055,12.848,14.397,380.89
-0.7268,5.8434,-0.81907,15.237,15.838,329.37
-0.16558,-1.9517,8.0616,5.8475,12.905,247.51
8.2585,4.8458,6.8533,10.216,12.739,430.07
5.0649,1.6027,13.478,11.997,15.225,394.32
4.2917,7.8932,11.695,7.2514,8.6869,306.32
0.18532,0.64787,8.8623,18.485,25.063,450.91
1.1752,5.6715,10.894,18.903,20.21,440.17
1.6717,2.19,6.9366,18.499,14.454,361.93
4.5404,-0.10473,10.9,18.495,12.775,390.38
3.3375,3.4889,10.699,12.389,11.59,332.1
0.52206,7.0749,7.8142,10.714,8.4006,272.69
4.0881,0.30478,4.1149,17.081,15.279,369.15
8.6504,10.67,14.754,8.4671,15.406,507.03
-3.7185,6.1845,8.8405,15.739,23.875,469.02
13.082,2.5412,14.5,20.191,21.572,800.85
9.0694,0.048269,1.7829,10.755,21.078,496.74
-1.4018,7.5922,6.0391,24.453,17.669,443.97
1.8191,9.2863,11.186,25.731,12.678,438.49
-0.34358,2.3246,5.7186,17.393,15.765,356.17
1.2277,13.74,9.3101,9.7519,21.548,412.73
-0.4805,9.781,4.0644,17.152,5.4148,284.58
-7.9927,11.333,3.6337,7.7054,24.712,518.9
8.449,10.227,6.3589,5.2092,26.089,535.94
4.0109,-5.9905,17.941,14.745,27.909,495.14
0.23803,5.1773,14.862,18.682,15.057,405.38
4.0846,14.714,9.86,16.192,14.939,434.39
2.6861,11.285,10.572,14.729,21.494,453.45
6.9522,-3.6335,9.9789,15.037,22.375,489.37
1.4376,1.6404,3.2647,26.226,22.748,468.03
13.012,-1.4586,10.63,8.6087,9.1452,581.32
3.3169,15.482,14.575,20.207,15.665,478.13
7.322,2.2158,12.804,16.319,18.719,508.79
8.0553,7.966,10.798,17.804,19.831,563.23
1.4933,11.249,2.4667,11.435,15.03,332.5
10.199,10.54,7.1656,19.373,10.451,564.42
3.3084,7.6145,8.3696,9.698,13.614,336.52
0.30179,7.2657,20.8,17.826,21.254,484.84
6.2389,5.6152,18.797,14.143,9.651,422.21
7.8052,11.126,13.487,19.5,12.61,525.98
6.2244,-2.4493,7.6921,14.886,19.521,439.53
4.5348,4.6141,8.8111,12.69,8.0212,318.21
0.33065,1.4495,3.8909,12.143,18.066,330.35
-2.1875,6.6869,6.0709,13.459,9.758,303.57
11.824,5.8447,-0.88268,10.852,14.758,566.49
4.3625,6.9408,3.6779,21.671,14.259,417.63
-10.777,5.9758,7.9656,17.451,14.592,598.53
5.8492,10.145,10.308,9.141,24.669,491.88
13.626,7.7245,21.504,9.6343,9.8346,702.89
5.7302,8.6815,9.0724,21.074,18.448,505.26
4.4364,0.73566,5.3666,20.328,16.177,411.28
9.1607,8.2422,15.877,19.941,17.661,617.86
6.7512,9.8955,13.958,20.612,14.825,519.82
11.269,2.869,6.5473,24.201,12.885,633.93
4.453,4.6535,3.6946,16.32,12.035,355.75
9.9783,3.0789,5.921,14.628,16.003,540.39
5.9888,15.259,-0.29855,20.945,6.5996,393.11
7.7,12.525,17.057,17.878,11.485,521.32
2.7419,9.1046,8.993,14.107,17.962,405.05
4.773,-1.1541,15.451,15.024,12.378,382.36
2.9557,9.2745,13.749,15.844,21.18,466.85
-3.8871,1.7068,11.446,18.569,19.465,446.8
6.4943,2.5153,7.0976,13.937,17.675,439.15
-1.8452,14.26,16.373,22.589,17.459,497.58
3.9609,9.2529,12.039,12.384,16.338,408.27
4.9703,7.3375,12.348,13.909,18.911,453.24
2.1371,12.783,6.1641,12.362,17.692,386.82
5.046,11.628,-0.4725,14.27,21.052,439.64
7.0091,3.8433,12.115,14.927,14.691,458.49
-3.8568,5.2691,10.384,13.055,18.647,410.46
3.4982,11.635,-0.19517,8.6943,20.825,375
-1.8318,12.249,6.8804,16.518,24.223,470.21
-1.6344,4.99,10.867,12.005,20.166,393.34
9.1988,6.1491,23.117,9.5492,16.435,560.17
-2.2078,0.35214,10.787,11.23,16.267,341.76
3.9646,6.3191,18.752,18.758,15.309,458.81
7.2182,8.4171,13.019,14.409,15.244,485.6
0.85209,3.6031,8.8375,19.379,20.701,430.75
-5.1499,3.6593,14.948,9.5728,17.797,415.3
5.1379,6.4006,6.0182,12.807,13.874,376.64
-4.1526,10.618,16.916,19.738,15.887,481.4
3.6658,-0.74676,3.7959,8.9365,11.866,273.07
3.3422,0.77388,13.178,20.52,22.723,484.11
-0.10509,7.6876,7.4476,17.729,12.262,353.73
2.3134,13.966,6.3649,16.268,15.152,397.6
4.3302,2.5546,2.753,9.4806,17.016,339.63
3.4259,14.604,5.8093,21.431,24.826,529.26
-0.021624,0.90855,4.6764,15.091,6.5164,250.75
11.64,6.4527,14.802,19.698,23.08,755.03
4.7086,-1.2558,9.0485,18.144,12.786,379.69
-1.5659,13.149,6.4849,17.418,18.666,427.75
2.5351,10.528,8.9496,8.5304,23.488,418.28
5.1981,0.0099062,1.9823,19.179,23.853,468.72
3.317,4.5221,10.39,20.758,19.534,459.77
5.8959,14.983,14.017,12.903,24.302,547.19
0.042038,4.8106,6.6068,20.721,24.965,470.8
10.625,4.2454,2.9645,18.162,23.617,649.18
-0.69502,8.2272,10.977,22.482,18.16,454.08
10.209,1.2398,10.256,6.2546,18.188,523.07
7.0744,-3.2527,11.181,5.832,17.202,391.92
-2.5865,1.4608,10.694,9.7795,11.866,300.87
8.1313,13.339,12.182,9.334,20.623,540.14
0.95814,6.3966,11.696,12.704,14.177,350.79
5.7421,1.5854,9.8916,5.9651,14.997,351.78
-1.3044,7.1402,12.651,14.11,15.393,378.87
9.0587,11.239,10.179,18.864,16.937,588.41
4.0621,10.647,5.8577,20.643,16.475,446.88
-0.10458,0.12749,13.314,24.781,16.127,431.53
-4.523,0.98473,9.6429,18.203,19.231,443.11
4.1376,8.9623,-0.38613,20.203,23.685,476.84
6.7619,10.371,7.4997,18.879,15.532,490.37
6.9106,-0.88659,11.165,12.893,17.808,448.56
1.984,7.9517,11.595,21.935,15.486,435.48
9.2881,13.145,10.411,15.489,19.287,602.17
9.2577,-8.628,3.6911,12.741,16.2,451.34
1.1752,9.5571,17.813,3.7607,15.164,335.81
2.8304,3.285,13.567,18.514,15.556,412.45
-3.122,3.9091,5.1389,13.223,18.08,370.62
8.2249,9.2015,11.902,9.9112,9.0574,430.61
7.5484,3.4378,4.3427,8.1157,15.441,402.08
7.1916,6.7188,0.4448,19.893,19.442,501.84
5.1399,6.7945,10.342,18.286,26.542,542.55
1.5488,11.941,6.2921,7.4566,22.65,390.12
2.8162,-3.6442,12.302,14.664,10.684,314.26
6.0358,0.060176,11.939,17.405,16.274,449.61
5.4286,-0.46129,7.4139,20.982,21.435,484.81
-3.3701,4.8469,7.7175,17.586,16.693,404.82
3.43,5.192,19.239,14.607,22.689,485.16
-6.7672,4.1769,6.742,2.6831,30.161,483.61
8.5242,9.4637,10.701,10.157,14.793,488.24
8.4618,6.0665,7.9112,9.9912,23.741,539.6
-3.2333,16.262,8.3215,11.449,23.502,463.92
4.4226,5.469,9.8797,14.42,15.122,396.98
10.655,9.3876,3.4712,9.9145,12.213,515.94
10.457,7.7763,15.513,9.7544,18.768,606.19
5.5156,5.2133,-7.4505,16.776,19.483,401.92
2.3072,-0.95534,10.089,12.292,18.756,364.02
0.76275,6.5774,4.7626,22.433,24.683,479.92
11.187,4.9653,11.959,14.095,14.922,609.1
5.2325,7.1463,5.7618,5.3635,13.92,330.46
6.3826,9.3639,7.0884,19.836,18.932,511.28
6.055,4.497,18.141,11.295,17.239,457.95
4.2299,2.2084,12.825,23.541,17.367,474.88
1.7573,4.4408,13.276,14.786,12.076,350.23
5.3961,-0.37973,6.0708,16.718,15.285,396.78
2.8803,14.701,9.5341,15.124,12.095,384.46
7.329,7.9527,17.146,12.54,13.114,472.57
-1.0667,0.042918,10.363,15.623,23.909,427.64
-0.20543,4.9324,9.1455,15.094,21.071,409.7
8.1776,7.4624,13.24,18.857,23.98,618.37
7.4054,13.752,13.122,10.365,9.211,430.67
17.853,6.9511,17.438,15.241,18.059,1057.2
8.1802,0.35077,14.897,14.471,18.012,518.35
0.65047,3.7938,7.4454,18.404,14.6,365.6
6.4195,8.9926,8.1651,13.476,20.654,487.34
7.9944,9.3268,10.676,25.231,22.705,640.68
-3.6929,1.3467,3.6224,18.601,18.745,405.17
3.3968,4.1941,6.0111,20.326,25.566,491.67
5.7377,8.882,4.5022,13.53,17.571,429.36
2.351,13.854,9.7226,22.359,17.097,468.98
5.3626,5.8511,9.2537,10.545,19.9,429.53
1.9804,10.226,0.74541,11.766,8.1134,267.37
2.2335,6.5173,3.2693,10.281,11.637,287.07
3.6271,4.4066,14.786,16.558,4.7084,323.98
-2.4794,7.1836,7.0853,13.237,17.657,379.34
-1.5855,8.3244,13.716,20.908,19.775,472.89
1.6368,17.073,7.5743,20.707,23.075,507.03
9.5144,4.6132,8.75,5.8747,16.735,486.65
3.5246,4.6306,11.728,12.54,16.978,390.73
13.824,2.595,9.9602,21.296,10.493,733.49
7.0944,3.0826,3.6358,19.984,12.358,437.94
9.8072,9.4803,13.54,19.997,15.507,618.85
5.6649,14.636,9.0133,12.379,7.3917,369.94
3.3505,6.5168,8.3031,15.74,16.508,398.8
11,6.4657,15.552,23.643,10.725,648.4
3.4316,2.0562,9.1126,23.282,13.7,413.67
-3.7985,4.8982,11.328,14.245,24.246,468.79
3.7131,10.235,9.2302,22.246,16.45,464.15
4.1883,14.743,13.292,21.249,9.4013,435.86
11.889,9.7032,9.206,15.46,20.819,707.54
-0.69636,-0.77455,2.9736,12.514,7.7605,232.36
-3.6525,-0.48353,15.396,15.978,15.05,395.48
